INSERT INTO auth.users (instance_id,id,aud,role,email,encrypted_password,email_confirmed_at,invited_at,confirmation_token,confirmation_sent_at,recovery_token,recovery_sent_at,email_change_token_new,email_change,email_change_sent_at,last_sign_in_at,raw_app_meta_data,raw_user_meta_data,is_super_admin,created_at,updated_at,phone,phone_confirmed_at,phone_change,phone_change_token,phone_change_sent_at,email_change_token_current,email_change_confirm_status,banned_until,reauthentication_token,reauthentication_sent_at,is_sso_user,deleted_at,is_anonymous) VALUES ('d05f621d-80b7-53e7-82d0-ad542625719d', 'b00285e8-2d93-5220-91e9-b28b82ca7b49', 'Partiendo non iudicur aut involuptat quid cum, temperdis ingenia statua quos epicores loco.', 'Quo esse exerga tam exis et, undiae sit erit faciantur ad multa delectus autem.', 'andyp.swanepoel+Duane-Oberbrunner@gmail.com', 'Sumus probant is cuiquamur nec dolorate ex reperate, sic posse ab tale nivem sit.', '2020-11-23T10:23:33.000Z', '2020-01-21T12:58:15.000Z', 'Ex modo modarbitrer expetenim poetisfacil nostrum voluptata, censet motus ita quaedamation arbitration neque.', '2020-12-12T12:05:50.000Z', 'Quas cupid postea vita illum.', '2020-07-03T06:21:19.000Z', 'Tur quae ad delicural rationemus voluptas.', 'Ultim doloresque atione ut frui nem, utilia extremum dubitione odum illum manendam.', '2020-11-23T22:59:46.000Z', '2020-08-16T20:07:51.000Z', '{"Non":"Noster eaque quis"}', '{"first_name":"Duane","last_name":"Oberbrunner"}', 't', '2020-03-03T14:27:55.000Z', '2020-03-03T02:16:57.000Z', DEFAULT, '2020-12-08T11:50:38.000Z', DEFAULT, DEFAULT, '2020-07-23T06:52:10.000Z', DEFAULT, DEFAULT, '2020-09-09T20:45:19.000Z', DEFAULT, '2020-04-20T15:23:08.000Z', DEFAULT, '2020-08-16T08:03:39.000Z', DEFAULT), ('47426b20-8b30-5113-83dc-6bfc02dc1c6c', '6d47a002-b1ba-5390-aaf1-ac4e0d6aefc0', 'Es ere desid potius quem, partitia consed allictorum si tamquam.', 'Eas victi sapiens cum effecta, quos placet quisquam circo ant.', 'andyp.swanepoel+Seamus-Johnston@gmail.com', 'Quibus verum ut excepere sit detracta.', '2020-11-03T10:26:36.000Z', '2020-06-06T17:31:39.000Z', 'Multa utus nihil iisque vocet suspicio posset.', '2020-09-13T20:17:11.000Z', 'Hoc vult vix dolorat quod susciplinguam sit dolordiamur.', '2020-05-13T04:44:39.000Z', 'Dolorum per dolore aliosae et.', 'Copulsa meliorum quis es saepe eorumquam inscientiam, te vero cum etiam adquiescerte sapiens desid possimis.', '2020-11-15T22:57:47.000Z', '2020-04-08T15:30:17.000Z', '{"Facet":"Abitur et"}', '{"first_name":"Seamus","last_name":"Johnston"}', 't', '2020-12-28T12:15:12.000Z', '2020-12-28T11:17:59.000Z', DEFAULT, '2020-10-06T10:01:38.000Z', DEFAULT, DEFAULT, '2020-07-23T18:47:30.000Z', DEFAULT, DEFAULT, '2020-06-02T17:55:35.000Z', DEFAULT, '2020-03-27T02:29:07.000Z', DEFAULT, '2020-11-19T11:00:25.000Z', DEFAULT), ('889fd86a-2c28-5cd2-a928-d17e625532c3', '9b0c3035-58ad-536d-9b8b-2c0fdf5168b4', 'De aut alique aut diffici nobis.', 'Vel natur non exedunt etur numendum, philosit tur a si nihilii sit.', 'andyp.swanepoel+Manley-Kris@gmail.com', 'Animi municari culta malore ere sequamus mediocrium quae, malis voluptas ident metu quidem im.', '2020-03-27T14:54:18.000Z', '2020-12-04T12:08:09.000Z', 'Continis sine terrogarum tem autem.', '2020-04-16T03:57:40.000Z', 'Ignoratem modo ent duxit quid statuerin.', '2020-01-21T12:23:04.000Z', 'Autem res quibus romante non, praeteraret es m mediocrisque ad pulchraeque.', 'Vitae est mune entur voluptat velimum.', '2020-02-10T01:14:40.000Z', '2020-07-11T18:35:18.000Z', '{"Nec":"Feram ea manus"}', '{"first_name":"Manley","last_name":"Kris"}', 'f', '2020-10-02T10:00:11.000Z', '2020-01-05T00:24:53.000Z', DEFAULT, '2020-03-23T14:43:51.000Z', DEFAULT, DEFAULT, '2020-04-16T04:00:00.000Z', DEFAULT, DEFAULT, '2020-11-27T10:56:21.000Z', DEFAULT, '2020-12-12T23:45:20.000Z', DEFAULT, '2020-04-20T03:59:22.000Z', DEFAULT), ('0ddb4b60-d3f1-58ca-8db1-07c5c53b2e3c', 'e60a60a5-9c16-58cd-8294-d11a48042cac', 'Faciam propter vita probarissim mente.', 'Voluptasse neque concere natur inum voluptate semperpetul attenta, vivamores amicant sanguinem bona dissiduit sunt bonarbitrar.', 'andyp.swanepoel+Ottilie-Blick@gmail.com', 'Debem tamenem sequit quos necesset, consequamur provin corpore licitatque leviora facitathen ea dolor.', '2020-06-22T05:23:39.000Z', '2020-06-22T17:44:09.000Z', 'Declinabil ideralter bonum expectatem quamquam.', '2020-11-27T22:36:53.000Z', 'Sapientium denique sin voluptas minus vel nisi, carit quodsi non et solum.', '2020-06-10T05:41:17.000Z', 'Petere deseruna itiae inophi mortale quibus, diutur ducit nam cogitas ret.', 'Depravate coercenturpe orum avi autem.', '2020-12-24T11:38:19.000Z', '2020-05-01T16:26:44.000Z', '{"Ea":"Igitatom iucunde tem"}', '{"first_name":"Ottilie","last_name":"Blick"}', 'f', '2020-06-26T05:32:06.000Z', '2020-03-19T02:38:04.000Z', DEFAULT, '2020-07-15T18:19:24.000Z', DEFAULT, DEFAULT, '2020-05-21T16:07:15.000Z', DEFAULT, DEFAULT, '2020-07-15T06:33:24.000Z', DEFAULT, '2020-03-27T14:07:27.000Z', DEFAULT, '2020-06-10T05:33:56.000Z', DEFAULT), ('86b9efa5-03e4-5f6b-8eed-1b4ec84a1b2d', '334d7079-c38f-5731-ad9e-af0e2af7b602', 'Quae meliusteque cohaeres quicquamvis constituendas.', 'Iliquo alii ad quo expeccandi adhuc depravatum.', 'andyp.swanepoel+Jayce-Romaguera@gmail.com', 'Sit vivent aret il ines, aut ad omita averita event doctrina.', '2020-04-04T15:30:19.000Z', '2020-09-09T08:13:16.000Z', 'Laudant dolorest paravocar a inest aut, quod quoniam erea contra et.', '2020-10-10T10:06:50.000Z', 'Non facimum adiuvarrid ac igitiam.', '2020-07-23T18:14:39.000Z', 'Velitation qui scripseret tu quam voluptas.', 'Ferenti advero sic hominem mirare, endum quid legatione ant a.', '2020-12-20T23:50:07.000Z', '2020-05-21T16:42:27.000Z', '{"Abitural":"Supplicabil si magisset"}', '{"first_name":"Jayce","last_name":"Romaguera"}', 't', '2020-03-03T14:39:12.000Z', '2020-10-06T10:10:23.000Z', DEFAULT, '2020-07-19T06:21:27.000Z', DEFAULT, DEFAULT, '2020-11-11T22:12:16.000Z', DEFAULT, DEFAULT, '2020-06-18T18:06:42.000Z', DEFAULT, '2020-04-16T15:55:34.000Z', DEFAULT, '2020-12-24T23:24:34.000Z', DEFAULT), ('d619e542-bba1-5017-8e89-d13e5443761e', '58e0a999-770a-5e92-9a70-785de7470a44', 'Se beatae nec admoneran putatqui nec quid doloribus.', 'Eum deterem omnium ius aret.', 'andyp.swanepoel+Kathlyn-Hartmann@gmail.com', 'Audiebam fidem quorum tum time at, continis tem maior esse qui alter.', '2020-12-05T00:02:05.000Z', '2020-02-18T13:28:34.000Z', 'Sunt ea genia incurri relinstituen, sequi quam cognitiae im ant bonorem saepe.', '2020-04-24T03:22:37.000Z', 'Actanturbam a se nosmet quod studium, dolor quid ad adquiesceri torquatus bona.', '2020-05-21T16:35:27.000Z', 'Investrae quibus at sint ficeris et, consumus est laborum et cur dubita ex nateque.', 'Nasci divitusdam iliorem quae torquato non, ut eius epicantes ine tranquillae facilo.', '2020-12-12T11:43:42.000Z', '2020-12-12T12:08:38.000Z', '{"Voluptatem":"Et quam"}', '{"first_name":"Kathlyn","last_name":"Hartmann"}', 't', '2020-05-05T04:31:55.000Z', '2020-08-20T07:49:23.000Z', DEFAULT, '2020-08-20T19:57:05.000Z', DEFAULT, DEFAULT, '2020-09-21T08:23:36.000Z', DEFAULT, DEFAULT, '2020-03-27T14:06:31.000Z', DEFAULT, '2020-09-01T08:23:09.000Z', DEFAULT, '2020-10-06T09:35:46.000Z', DEFAULT), ('3ed5994e-5b80-53fa-a886-221ada439664', '16184f38-86aa-50af-8a33-33992aa25563', 'Adiuntur sit reret ut quo voluptatum dolore.', 'Vel ipsi omnes conduci non credere ad.', 'andyp.swanepoel+Camryn-Cartwright@gmail.com', 'Quid reprimiquan tuentur quam non, e esse legit haec maximalii iudicur qua.', '2020-08-04T07:36:46.000Z', '2020-01-09T00:09:28.000Z', 'Tale nulla metu p es nos maiorum, sunt modus sed omne endae.', '2020-02-22T13:50:11.000Z', 'Adquiescere ad maloresset doloris si albamur facet, detraxista memorates cuiquam et ent mi.', '2020-02-18T01:44:31.000Z', 'Inquam vita certa inesse tamenimprob politatum.', 'Sit gravis tua quam duxitur.', '2020-12-04T12:12:07.000Z', '2020-09-25T08:42:05.000Z', '{"Molestempus":"Ut constituitat"}', '{"first_name":"Camryn","last_name":"Cartwright"}', 'f', '2020-06-10T17:14:50.000Z', '2020-04-28T03:42:01.000Z', DEFAULT, '2020-12-05T00:00:42.000Z', DEFAULT, DEFAULT, '2020-02-14T13:09:09.000Z', DEFAULT, DEFAULT, '2020-04-28T16:04:45.000Z', DEFAULT, '2020-09-25T20:32:46.000Z', DEFAULT, '2020-09-13T08:21:51.000Z', DEFAULT), ('8cebc66f-41fb-504e-aca1-47621d0c16c7', 'ce865170-eee5-5724-81a0-d072dc1d2344', 'Dolorem epicis eo quicquam te constitut.', 'Praetere dicere eadem scientiam postulit repet non dolor.', 'andyp.swanepoel+Frances-Stark@gmail.com', 'Affeci plus praeteruna inum reret detere natum, sensibus a mel orem dissentanta velime cuius.', '2020-04-12T03:33:22.000Z', '2020-09-21T08:08:27.000Z', 'Facillum homin proptera a nec et philos inamicur, ine ut confirmatis reforest labefficit animagin.', '2020-10-18T09:18:51.000Z', 'Docet inquit et omni viveratur.', '2020-06-26T17:24:53.000Z', 'Essentior lit quidem nobisse sunt ad, afferat quidem deteritiam a et dubita itur.', 'Eum voluptate omnem eam quid est, consulatque non consequamus videt rationem et aeque utin.', '2020-10-14T21:47:33.000Z', '2020-04-16T03:22:57.000Z', '{"Omnissimil":"Omnia tum chrysippi"}', '{"first_name":"Frances","last_name":"Stark"}', 't', '2020-07-07T06:12:38.000Z', '2020-08-20T07:41:00.000Z', DEFAULT, '2020-11-23T10:56:31.000Z', DEFAULT, DEFAULT, '2020-02-06T01:19:09.000Z', DEFAULT, DEFAULT, '2020-06-14T17:47:24.000Z', DEFAULT, '2020-01-05T00:13:28.000Z', DEFAULT, '2020-03-11T14:27:13.000Z', DEFAULT), ('95315454-0cdd-512f-9e6d-9d94595b7297', '03741cf3-3c68-5137-bf29-30f8f7d5788a', 'Aetium maerorum eademus maxim probaret.', 'Primum multi audiri fieri potesse deniquid.', 'andyp.swanepoel+Janet-Hackett@gmail.com', 'Confidam necesse vituptatem nec etiam ad, maximo accusam im est stultori recta tam et.', '2020-04-16T15:55:35.000Z', '2020-12-04T11:38:54.000Z', 'Qua quasi en cum consuetudin, qua utraque inem allicebat eo quo sent iis.', '2020-08-08T19:53:37.000Z', 'Reperine finis vita sumer necest.', '2020-11-27T22:10:26.000Z', 'Libertiman legi quidem dici comparanim.', 'Operet in provoccultar oblivione constituit ne.', '2020-01-05T00:36:18.000Z', '2020-05-09T04:44:28.000Z', '{"Physicis":"Aegritudit untur"}', '{"first_name":"Janet","last_name":"Hackett"}', 't', '2020-06-14T05:32:51.000Z', '2020-05-09T04:50:24.000Z', DEFAULT, '2020-02-22T01:16:30.000Z', DEFAULT, DEFAULT, '2020-06-26T05:29:40.000Z', DEFAULT, DEFAULT, '2020-07-19T06:40:41.000Z', DEFAULT, '2020-12-20T23:50:35.000Z', DEFAULT, '2020-02-14T01:26:09.000Z', DEFAULT), ('bbf1aea0-5442-5edb-8b0c-ba3ff1a62950', 'cc62e597-c51d-5f1d-bbc5-325d2e36be7e', 'Viris posuit coercendi sponte non ratione cupio quid.', 'Parab sitamus quod sollicita et amicitur modo.', 'andyp.swanepoel+Brenda-Steuber@gmail.com', 'De caret cum iniure ferre nec aliam, en quaeque praeterudit es disputendum totelab.', '2020-06-10T17:20:33.000Z', '2020-10-18T10:06:37.000Z', 'Cognitiones voluptatem earum debenimo quis hoc ut.', '2020-06-14T05:43:48.000Z', 'Etur modum nostros quas depravatom futur nostram aut.', '2020-12-28T11:23:21.000Z', 'Gauderars et collegest plus veniam paren.', 'Natoribus aeteria quicquidem probesse scientiam, quod restinguantur rerum aut et metu ocritudin.', '2020-07-03T06:54:02.000Z', '2020-02-10T13:18:31.000Z', '{"Quod":"Versione aut"}', '{"first_name":"Brenda","last_name":"Steuber"}', 't', '2020-04-04T04:05:10.000Z', '2020-02-10T13:17:29.000Z', DEFAULT, '2020-02-10T13:56:51.000Z', DEFAULT, DEFAULT, '2020-07-03T18:19:06.000Z', DEFAULT, DEFAULT, '2020-10-14T09:37:53.000Z', DEFAULT, '2020-07-15T18:47:36.000Z', DEFAULT, '2020-05-01T04:45:22.000Z', DEFAULT), ('a65694e3-e8eb-520d-87fb-d9490bd425f3', 'f8b4e573-8737-5630-9c5a-e20e56adc773', 'Et delectis maiora aut et autem aliquantur.', 'Rebus hoc a inter a in qua quae, per es laudem de ullam mihi.', 'andyp.swanepoel+Major-Torp@gmail.com', 'Inere claroris perpetendum ipsa latin melius metu se, voluptatib quem tum archum macedicum.', '2020-02-02T01:22:42.000Z', '2020-01-25T00:17:11.000Z', 'Chorus corpore ipsa nec desisse im degendamna, si ferreum quis vivenimo angore.', '2020-08-16T07:20:47.000Z', 'Et continis possit nec cupidcirco et legimumque, esse suppetuisti neque paranimo doctis.', '2020-11-19T22:35:56.000Z', 'Antur distinistrar ea nihillum dicatibus.', 'Sic et traditiae scripserenim putam me quod, dere ere itus quarum magni possunt tollittera.', '2020-04-04T03:40:49.000Z', '2020-03-15T14:14:07.000Z', '{"Quo":"Ut dolores id"}', '{"first_name":"Major","last_name":"Torp"}', 't', '2020-02-26T02:05:24.000Z', '2020-12-21T00:01:12.000Z', DEFAULT, '2020-11-11T10:40:14.000Z', DEFAULT, DEFAULT, '2020-11-27T10:11:50.000Z', DEFAULT, DEFAULT, '2020-09-17T08:38:55.000Z', DEFAULT, '2020-10-18T09:47:17.000Z', DEFAULT, '2020-03-15T14:28:56.000Z', DEFAULT), ('9c7cd875-ccbd-5c44-8d2b-591b7ca86f0d', '62cebd1e-3b86-5f66-a873-685636f3f528', 'Atus se libidium inter deorsumma.', 'Est video modo delectitud entur es afranturbar.', 'andyp.swanepoel+Marian-Ward@gmail.com', 'Nostram enimus quidemque quo tant amata, quietus si ulae am erensionib videndos idendisser.', '2020-05-05T04:17:15.000Z', '2020-07-19T18:09:41.000Z', 'In anusdamur nam litter non.', '2020-06-06T18:03:00.000Z', 'Ita qualis me gessisse dici nis earum.', '2020-08-24T07:55:58.000Z', 'Non eo principlinae quis aut am audiri eri, quae se atis si brevi aut.', 'Aut videt ruinae nostris qui partemperii qua.', '2020-07-27T06:51:25.000Z', '2020-11-07T22:58:28.000Z', '{"Data":"Nihil constituendar"}', '{"first_name":"Marian","last_name":"Ward"}', 't', '2020-11-27T10:26:52.000Z', '2020-01-21T00:37:44.000Z', DEFAULT, '2020-10-02T09:39:12.000Z', DEFAULT, DEFAULT, '2020-10-10T21:58:33.000Z', DEFAULT, DEFAULT, '2020-09-01T08:26:04.000Z', DEFAULT, '2020-07-27T06:49:26.000Z', DEFAULT, '2020-01-05T12:05:54.000Z', DEFAULT), ('fe0170fc-5912-5527-871a-7088eef37457', 'f7c14495-f536-5ac8-a4d9-2d74e011ac11', 'Tractavitus rem inum animbutus sed quarum, et consentenen voluptatem in corpus vidus dixerundia.', 'Ingenus inesse ilitaque viveri putarchum inattico intellegi hoc.', 'andyp.swanepoel+Freeda-Hessel@gmail.com', 'Quidemque vivi ut quaerendi rata essarius, in ile doloratus e cum lata.', '2020-12-24T11:50:25.000Z', '2020-12-28T23:23:21.000Z', 'Leviora numquidem facerendit tem praeterritud omus sed.', '2020-07-19T07:03:52.000Z', 'Id respirarum laborter placet quisitatis blandit eam, morborum sanos modo eis coercenset sensibus retinfinis vero.', '2020-06-10T05:22:38.000Z', 'Quam percipiter pellatin praeclarani augentur, etiam et legi illaborum efficillum.', 'Epicur animi quamquam et facta melius.', '2020-09-01T08:57:46.000Z', '2020-07-03T07:02:54.000Z', '{"Ne":"Autem et cupida"}', '{"first_name":"Freeda","last_name":"Hessel"}', 't', '2020-10-18T21:48:48.000Z', '2020-06-26T17:18:15.000Z', DEFAULT, '2020-01-17T12:22:25.000Z', DEFAULT, DEFAULT, '2020-12-20T23:38:43.000Z', DEFAULT, DEFAULT, '2020-08-28T07:42:32.000Z', DEFAULT, '2020-06-10T05:17:03.000Z', DEFAULT, '2020-01-09T00:27:18.000Z', DEFAULT), ('ba3774bb-b79c-5a74-96b9-eb5b78c5184f', '39af0658-b608-5b8d-b67a-8ca92455dcb0', 'Partiendo meo veri dolore platone, de plura albuci in gymnasia plura ad horum.', 'Ipsas ego delectare debiliusque patet maximi voluptates te, ut confidelis serentium essit sapiente.', 'andyp.swanepoel+Tyrel-D''Amore@gmail.com', 'Mortalem siniti esse compariunt quem en numquid quid.', '2020-04-28T03:33:03.000Z', '2020-06-18T05:56:40.000Z', 'Conducim non existimor intellegis fieri iudicur dolorest vocangorib.', '2020-09-01T08:50:53.000Z', 'Propter neque tandum minis ad rationem, adipsa iudicitur placeat veren hoc.', '2020-10-14T22:00:43.000Z', 'Beatae corpore ex cum omnino, em omnia cum morbi tum si.', 'Antippi cupidita notis quae medium sic, hostis est neque diis repugnandum romantur itercentur.', '2020-10-10T09:45:31.000Z', '2020-02-22T01:31:11.000Z', '{"Multos":"Non homeratis"}', '{"first_name":"Tyrel","last_name":"D''Amore"}', 'f', '2020-08-08T19:45:34.000Z', '2020-07-15T18:15:41.000Z', DEFAULT, '2020-10-06T21:42:46.000Z', DEFAULT, DEFAULT, '2020-06-02T17:50:14.000Z', DEFAULT, DEFAULT, '2020-06-06T17:21:18.000Z', DEFAULT, '2020-10-02T09:23:08.000Z', DEFAULT, '2020-06-06T17:31:39.000Z', DEFAULT), ('562074d3-d237-57a0-9362-ea89c869a59e', '9b02e451-ce13-5ea4-bf88-fbb83e587607', 'Perita probe atum eo tellegat qua rerum se, doctum reperretin a liberigit eganda stultorquatis neque delecticar.', 'Vel quaerenimper ab voluptate depravatib a et.', 'andyp.swanepoel+Buck-Bechtelar@gmail.com', 'Bonas sine et ipsius facilis quod nostris.', '2020-09-09T08:20:36.000Z', '2020-11-19T22:30:42.000Z', 'Principiet igi esse sollicamic epicur praetere quasi ad.', '2020-06-18T17:29:04.000Z', 'Andi graecum causa sapienterum tempersequim tum eratomi in.', '2020-11-19T10:18:42.000Z', 'Sum dolorum an quod cum iniuria quid.', 'Contra est cupid cum verbi sapiens non.', '2020-04-12T15:44:19.000Z', '2020-01-13T12:19:54.000Z', '{"Nulla":"As res"}', '{"first_name":"Buck","last_name":"Bechtelar"}', 'f', '2020-08-16T07:37:12.000Z', '2020-06-06T05:31:04.000Z', DEFAULT, '2020-12-12T11:29:15.000Z', DEFAULT, DEFAULT, '2020-08-16T19:28:00.000Z', DEFAULT, DEFAULT, '2020-05-09T16:36:18.000Z', DEFAULT, '2020-12-20T23:55:22.000Z', DEFAULT, '2020-05-09T16:32:13.000Z', DEFAULT), ('0b39fa6e-f40a-5732-b726-8f00b822fce6', '413b930d-f1a6-5515-891b-82199bdcfa21', 'Memore enterenim semelis habenimis fert compariens cibo quo, fuisse sensibi ere impedirrid dem comit aut.', 'Linat eumque quod essarum disputat sive ineriuste quot.', 'andyp.swanepoel+Curt-Wuckert@gmail.com', 'Nec vitae quem es iudicab al inam tu.', '2020-02-02T14:02:05.000Z', '2020-07-07T18:37:20.000Z', 'Corpus liberetiam cum secut igit, genere uti epicurus expetet autem in.', '2020-08-08T07:59:19.000Z', 'Percipiter non graeca ipsa afrantur sabine minusus factis.', '2020-11-07T10:55:12.000Z', 'Instructior maiores voluptatib medium non expleantur zenonanim, iis esse falsariae im laudabuntur omnisi latin si.', 'Abo as brute desidua in multos est, ego blandit aut esset ponderepic placeatur calere ur.', '2020-08-24T19:19:45.000Z', '2020-10-26T22:04:39.000Z', '{"Non":"Eum et"}', '{"first_name":"Curt","last_name":"Wuckert"}', 't', '2020-06-22T17:23:32.000Z', '2020-10-14T09:24:16.000Z', DEFAULT, '2020-03-23T14:27:12.000Z', DEFAULT, DEFAULT, '2020-07-03T06:59:31.000Z', DEFAULT, DEFAULT, '2020-06-26T17:55:32.000Z', DEFAULT, '2020-03-19T02:51:42.000Z', DEFAULT, '2020-11-15T10:41:49.000Z', DEFAULT), ('578c7c7c-065b-51c7-9fc6-c8e858225527', 'b5fb9c23-b7d6-5438-ba7b-4116a7bcbf4b', 'Quid nis moneriri vestra plane contra illus, quidem tam homint aut event.', 'Et rutile ad laboratem nos et.', 'andyp.swanepoel+Jesus-Frami@gmail.com', 'Inquam modum qui congressus summa.', '2020-07-27T06:24:23.000Z', '2020-05-17T04:18:08.000Z', 'Ut quod finit placetiam choro quorum delectitud ut.', '2020-01-01T12:52:20.000Z', 'Habendisput causa nisi pueriliarum epicur consentinen.', '2020-07-19T18:39:24.000Z', 'Morbi per expetent moribider tamendum.', 'Doloratom aut illabores quid volupero nostra.', '2020-06-22T18:02:20.000Z', '2020-03-07T14:26:07.000Z', '{"Putem":"Numeritat nullam leviore"}', '{"first_name":"Jesus","last_name":"Frami"}', 'f', '2020-03-11T02:16:31.000Z', '2020-03-03T14:17:39.000Z', DEFAULT, '2020-09-05T08:22:52.000Z', DEFAULT, DEFAULT, '2020-05-17T16:44:14.000Z', DEFAULT, DEFAULT, '2020-03-19T14:15:28.000Z', DEFAULT, '2020-12-16T23:38:53.000Z', DEFAULT, '2020-04-20T16:02:45.000Z', DEFAULT), ('bce872ec-e6ab-55bc-a07c-0786a22aa137', 'cedd5ae6-f6c1-54f9-96c6-06416ffa060c', 'Seiunctum tribus nis inibus iudiciora est.', 'Hanc corrupis consuevernat itat perfecti tur theseo dixi, nihilem hoc pora admis rationibus quae dolerriti.', 'andyp.swanepoel+Deon-VonRueden@gmail.com', 'Aut recus vel modicantur alienum.', '2020-10-26T09:17:14.000Z', '2020-07-23T06:56:21.000Z', 'His voluptatis cetere quondamurrer nollem aut.', '2020-11-15T22:49:52.000Z', 'Horum doloratur ipsi imper optimum ad gravis etria.', '2020-04-24T04:02:42.000Z', 'Quo timum inum cum nusquam, contra tum neque qui apeiriant tamquam in ines.', 'Gravis ationem escanest de erratione.', '2020-10-10T21:24:54.000Z', '2020-11-19T23:12:25.000Z', '{"Voluptatem":"Illa pueri mors"}', '{"first_name":"Deon","last_name":"VonRueden"}', 't', '2020-07-07T18:13:20.000Z', '2020-04-28T15:29:55.000Z', DEFAULT, '2020-06-18T05:42:41.000Z', DEFAULT, DEFAULT, '2020-02-02T13:28:53.000Z', DEFAULT, DEFAULT, '2020-10-02T21:21:16.000Z', DEFAULT, '2020-12-20T23:36:09.000Z', DEFAULT, '2020-12-16T11:39:34.000Z', DEFAULT), ('beadabbf-f23b-5357-bbd3-2d6e32710e3e', '04f28c66-8249-5125-8460-5124313b5929', 'Negatiungim as potero earum atio et vivent a, nec omum minus et idit formavitaq.', 'Aut autem igitation seruntur constitut.', 'andyp.swanepoel+Mariano-Franey@gmail.com', 'Atum consul ne omni guberetur quia perfecto.', '2020-10-06T21:22:01.000Z', '2020-05-25T04:10:14.000Z', 'Reprehendus gendos aut dixi ultim ea neque, dignitione sunt ut voluptate nihilloquer vituptas fruenda explicaris.', '2020-06-02T18:05:44.000Z', 'Quos vitam a delecorum am, miserem esset dolore nihiliorem doloris nullam linatque.', '2020-05-09T16:30:42.000Z', 'Theophrastus sapienti at pariantur quibus ut, iudicate multos verearum quae tesque.', 'Vi est quidem voluptatem de quod, albucius contur defin ate suspicio hoc.', '2020-01-09T00:20:39.000Z', '2020-02-22T01:39:00.000Z', '{"Deorsusciper":"Nis moveat"}', '{"first_name":"Mariano","last_name":"Franey"}', 't', '2020-04-08T15:11:31.000Z', '2020-11-07T11:13:58.000Z', DEFAULT, '2020-02-18T13:24:29.000Z', DEFAULT, DEFAULT, '2020-06-02T05:46:30.000Z', DEFAULT, DEFAULT, '2020-02-18T13:14:13.000Z', DEFAULT, '2020-04-24T16:07:22.000Z', DEFAULT, '2020-07-03T18:55:12.000Z', DEFAULT), ('698bbe44-2679-5aaf-8235-dffed5e87f24', 'cc63423b-fc9e-5922-9ae9-a697c02c4203', 'Defut tantament expeccandi laudanimpen erri tu atum persecum, sed inum de quid nec.', 'Naturovat esse ad delectetur legandri non natura faciantur.', 'andyp.swanepoel+Lottie-West@gmail.com', 'Itur ari malarum etiam fuisse et fastidii plus, audiri voluptas ignoratum esse malis paterem ex.', '2020-06-18T17:30:35.000Z', '2020-03-27T14:56:09.000Z', 'Ulista veritur perspicuum et tum eretiam, rebusus se a si dixi delectamen es.', '2020-03-07T14:28:47.000Z', 'Ex quae quidem interunt etiam, alique autem enimpeten a graeci eorum eo detriment.', '2020-12-24T11:18:02.000Z', 'Se eadem tradere bene et physicis are menangatur, hominstituit in eret nostrum intus ter.', 'Malum affician praesenimi omni et quoniam nosterrorib, et tollitter huic it antium etur aut ad.', '2020-01-01T12:26:49.000Z', '2020-01-09T12:47:34.000Z', '{"Tum":"Qui multam"}', '{"first_name":"Lottie","last_name":"West"}', 't', '2020-08-28T07:48:42.000Z', '2020-06-02T05:33:06.000Z', DEFAULT, '2020-07-15T19:07:53.000Z', DEFAULT, DEFAULT, '2020-01-01T00:12:35.000Z', DEFAULT, DEFAULT, '2020-01-05T00:08:56.000Z', DEFAULT, '2020-06-22T05:28:47.000Z', DEFAULT, '2020-11-11T22:43:58.000Z', DEFAULT);
INSERT INTO public.roles (id,role,created_at,updated_at) VALUES ('faa52773-8bc1-5880-859d-4a22490775e5', 'admin', DEFAULT, DEFAULT), ('4695be70-4922-57c8-87ca-d88ff2b5f676', 'manager', DEFAULT, DEFAULT), ('29092bdb-df43-5454-b2b8-ce3175342651', 'player', DEFAULT, DEFAULT);
INSERT INTO public.teams (id,name,manager_id,created_at,updated_at,archived) VALUES ('76ca7c0d-611f-50dc-9132-5987e5403a50', 'Broncos', NULL, DEFAULT, DEFAULT, DEFAULT), ('e56db4f2-ea86-5ac7-9830-3b3af560368f', 'Colts', NULL, DEFAULT, DEFAULT, DEFAULT), ('16736f78-c8d8-55ff-90d2-0300ffc54b4f', 'Ravens', NULL, DEFAULT, DEFAULT, DEFAULT), ('cce262e2-5cc6-51f7-aa1e-73917dadeac3', 'Cardinals', NULL, DEFAULT, DEFAULT, DEFAULT), ('ef2cc563-1b78-5445-bbf9-f9f00757c428', 'Seahawks', NULL, DEFAULT, DEFAULT, DEFAULT), ('12481a31-ca17-578b-8a3f-d894d0c247bf', 'Bills', NULL, DEFAULT, DEFAULT, DEFAULT), ('afebaa02-b3a9-53d0-9500-1a010843d19d', 'Saints', NULL, DEFAULT, DEFAULT, DEFAULT), ('2e83e1bf-c656-54a3-b72c-86a599b4befd', 'Falcons', NULL, DEFAULT, DEFAULT, DEFAULT), ('58b99b7e-ffea-5bed-93b9-7ad8e653b54c', 'Rams', NULL, DEFAULT, DEFAULT, DEFAULT), ('c7e26984-81cf-5279-825a-2fbb2a7bf585', 'Bears', NULL, DEFAULT, DEFAULT, DEFAULT);
UPDATE public.teams SET manager_id = 'e60a60a5-9c16-58cd-8294-d11a48042cac' WHERE id = '76ca7c0d-611f-50dc-9132-5987e5403a50';
UPDATE public.teams SET manager_id = '04f28c66-8249-5125-8460-5124313b5929' WHERE id = 'e56db4f2-ea86-5ac7-9830-3b3af560368f';
UPDATE public.teams SET manager_id = '334d7079-c38f-5731-ad9e-af0e2af7b602' WHERE id = '16736f78-c8d8-55ff-90d2-0300ffc54b4f';
UPDATE public.teams SET manager_id = 'b00285e8-2d93-5220-91e9-b28b82ca7b49' WHERE id = 'cce262e2-5cc6-51f7-aa1e-73917dadeac3';
UPDATE public.teams SET manager_id = 'f7c14495-f536-5ac8-a4d9-2d74e011ac11' WHERE id = 'ef2cc563-1b78-5445-bbf9-f9f00757c428';
UPDATE public.teams SET manager_id = 'cc62e597-c51d-5f1d-bbc5-325d2e36be7e' WHERE id = '12481a31-ca17-578b-8a3f-d894d0c247bf';
UPDATE public.teams SET manager_id = '03741cf3-3c68-5137-bf29-30f8f7d5788a' WHERE id = 'afebaa02-b3a9-53d0-9500-1a010843d19d';
UPDATE public.teams SET manager_id = '6d47a002-b1ba-5390-aaf1-ac4e0d6aefc0' WHERE id = '2e83e1bf-c656-54a3-b72c-86a599b4befd';
UPDATE public.teams SET manager_id = '9b0c3035-58ad-536d-9b8b-2c0fdf5168b4' WHERE id = '58b99b7e-ffea-5bed-93b9-7ad8e653b54c';
UPDATE public.teams SET manager_id = 'ce865170-eee5-5724-81a0-d072dc1d2344' WHERE id = 'c7e26984-81cf-5279-825a-2fbb2a7bf585';
INSERT INTO public.user_role (id,user_id,role_id,created_at,updated_at) VALUES ('a2a1324d-c3e6-5b55-afa8-6e2f0e9fccb0', 'b00285e8-2d93-5220-91e9-b28b82ca7b49', '4695be70-4922-57c8-87ca-d88ff2b5f676', DEFAULT, DEFAULT), ('d4fbbf75-d080-5d7b-a53e-b9874e322914', 'b00285e8-2d93-5220-91e9-b28b82ca7b49', '29092bdb-df43-5454-b2b8-ce3175342651', DEFAULT, DEFAULT), ('27fd7626-02c9-5245-b793-82acd1121170', '6d47a002-b1ba-5390-aaf1-ac4e0d6aefc0', '4695be70-4922-57c8-87ca-d88ff2b5f676', DEFAULT, DEFAULT), ('f8600105-7235-5e34-b7c0-e7c9e449d5fc', '6d47a002-b1ba-5390-aaf1-ac4e0d6aefc0', '29092bdb-df43-5454-b2b8-ce3175342651', DEFAULT, DEFAULT), ('48e7e995-98d8-52a0-97b0-b17928c34e9b', '9b0c3035-58ad-536d-9b8b-2c0fdf5168b4', '4695be70-4922-57c8-87ca-d88ff2b5f676', DEFAULT, DEFAULT), ('81760045-c5f9-507f-b441-c7eddf469673', '9b0c3035-58ad-536d-9b8b-2c0fdf5168b4', '29092bdb-df43-5454-b2b8-ce3175342651', DEFAULT, DEFAULT), ('451cc92b-1149-5c94-b848-f4af09578bf3', 'e60a60a5-9c16-58cd-8294-d11a48042cac', '4695be70-4922-57c8-87ca-d88ff2b5f676', DEFAULT, DEFAULT), ('2e673b7e-cf7e-5228-8f77-eb6e4d80d151', 'e60a60a5-9c16-58cd-8294-d11a48042cac', '29092bdb-df43-5454-b2b8-ce3175342651', DEFAULT, DEFAULT), ('73019ee6-4ee3-5802-9627-391d35791a37', '334d7079-c38f-5731-ad9e-af0e2af7b602', '4695be70-4922-57c8-87ca-d88ff2b5f676', DEFAULT, DEFAULT), ('31d90c20-ef1c-5cf7-87b1-0c81a8128dfa', '334d7079-c38f-5731-ad9e-af0e2af7b602', '29092bdb-df43-5454-b2b8-ce3175342651', DEFAULT, DEFAULT), ('1d06d9e3-1e7b-5dd1-8927-ecb5f2c18968', '58e0a999-770a-5e92-9a70-785de7470a44', '29092bdb-df43-5454-b2b8-ce3175342651', DEFAULT, DEFAULT), ('9aabb3b0-9bfb-54cd-94a4-21ad34408aa3', '16184f38-86aa-50af-8a33-33992aa25563', '29092bdb-df43-5454-b2b8-ce3175342651', DEFAULT, DEFAULT), ('ed3a419f-2e88-54a0-b377-25fab7c25591', 'ce865170-eee5-5724-81a0-d072dc1d2344', '4695be70-4922-57c8-87ca-d88ff2b5f676', DEFAULT, DEFAULT), ('10bb040c-3e13-53a4-9571-138a615d8f00', 'ce865170-eee5-5724-81a0-d072dc1d2344', '29092bdb-df43-5454-b2b8-ce3175342651', DEFAULT, DEFAULT), ('74723c0e-5fe6-50e3-8d71-d53c0bddbd90', '03741cf3-3c68-5137-bf29-30f8f7d5788a', '4695be70-4922-57c8-87ca-d88ff2b5f676', DEFAULT, DEFAULT), ('f99fd037-57e8-5667-83bf-0d35350ac136', '03741cf3-3c68-5137-bf29-30f8f7d5788a', '29092bdb-df43-5454-b2b8-ce3175342651', DEFAULT, DEFAULT), ('17c9623e-6650-5852-8a47-e9cbec4216fb', 'cc62e597-c51d-5f1d-bbc5-325d2e36be7e', '4695be70-4922-57c8-87ca-d88ff2b5f676', DEFAULT, DEFAULT), ('3ee282db-72a1-5669-844a-582f8ef81bb4', 'cc62e597-c51d-5f1d-bbc5-325d2e36be7e', '29092bdb-df43-5454-b2b8-ce3175342651', DEFAULT, DEFAULT), ('5cfba064-8f2d-565b-825c-472a543aa5e9', 'f8b4e573-8737-5630-9c5a-e20e56adc773', '29092bdb-df43-5454-b2b8-ce3175342651', DEFAULT, DEFAULT), ('a70a5ecb-c44b-5d58-ab5b-f9cd5b1920e7', '62cebd1e-3b86-5f66-a873-685636f3f528', '29092bdb-df43-5454-b2b8-ce3175342651', DEFAULT, DEFAULT), ('298bb763-1363-59b3-a362-5ef35fd3bb98', 'f7c14495-f536-5ac8-a4d9-2d74e011ac11', '4695be70-4922-57c8-87ca-d88ff2b5f676', DEFAULT, DEFAULT), ('4f214fd1-4858-5881-8909-1549c6ec8160', 'f7c14495-f536-5ac8-a4d9-2d74e011ac11', '29092bdb-df43-5454-b2b8-ce3175342651', DEFAULT, DEFAULT), ('a9b4e519-6291-5904-abd4-9e610151a871', '39af0658-b608-5b8d-b67a-8ca92455dcb0', 'faa52773-8bc1-5880-859d-4a22490775e5', DEFAULT, DEFAULT), ('4be8c3bc-bb99-52ef-ba10-a7c4293f10ad', '39af0658-b608-5b8d-b67a-8ca92455dcb0', '29092bdb-df43-5454-b2b8-ce3175342651', DEFAULT, DEFAULT), ('e3d61136-03f2-5e0c-a498-967d80feeffa', '9b02e451-ce13-5ea4-bf88-fbb83e587607', '29092bdb-df43-5454-b2b8-ce3175342651', DEFAULT, DEFAULT), ('e443601f-f614-5249-91e8-c8e9415a6714', '413b930d-f1a6-5515-891b-82199bdcfa21', '29092bdb-df43-5454-b2b8-ce3175342651', DEFAULT, DEFAULT), ('cc23edb1-63e1-52eb-8888-0c8d24af7530', 'b5fb9c23-b7d6-5438-ba7b-4116a7bcbf4b', '29092bdb-df43-5454-b2b8-ce3175342651', DEFAULT, DEFAULT), ('c6572525-1529-53b0-9a29-a874018c3838', 'cedd5ae6-f6c1-54f9-96c6-06416ffa060c', '29092bdb-df43-5454-b2b8-ce3175342651', DEFAULT, DEFAULT), ('86109b8b-7080-5033-af3a-33f58a51c385', '04f28c66-8249-5125-8460-5124313b5929', '4695be70-4922-57c8-87ca-d88ff2b5f676', DEFAULT, DEFAULT), ('55d9556b-a973-5153-b022-029573185dad', '04f28c66-8249-5125-8460-5124313b5929', '29092bdb-df43-5454-b2b8-ce3175342651', DEFAULT, DEFAULT), ('07a066f8-b0c3-5ff5-921f-e321ad96bae7', 'cc63423b-fc9e-5922-9ae9-a697c02c4203', '29092bdb-df43-5454-b2b8-ce3175342651', DEFAULT, DEFAULT);
INSERT INTO public.seasons (id,start_date,end_date,created_at,updated_at) VALUES ('e7d00566-975e-55d7-bd65-628cca04a820', '2024-09-29T04:00:00.000Z', '2024-11-30T05:00:00.000Z', DEFAULT, DEFAULT);
INSERT INTO public.games (id,game_time,location,home_team_id,away_team_id,home_team_runs,away_team_runs,score_validated_by_home_team,score_validated_by_away_team,game_cancelled,created_at,updated_at,season_id) VALUES ('624eb3d6-961e-5f8e-8692-136f61e6fb06', '2025-05-04T14:00:00.000Z', 'East Diamond', 'ef2cc563-1b78-5445-bbf9-f9f00757c428', 'c7e26984-81cf-5279-825a-2fbb2a7bf585', 4, 0, DEFAULT, DEFAULT, DEFAULT, DEFAULT, DEFAULT, NULL), ('df3c643e-9cef-5073-8b7c-223cba3f9029', '2025-05-04T14:00:00.000Z', 'Center Diamond', 'afebaa02-b3a9-53d0-9500-1a010843d19d', '58b99b7e-ffea-5bed-93b9-7ad8e653b54c', 0, 1, DEFAULT, DEFAULT, DEFAULT, DEFAULT, DEFAULT, NULL), ('416c4658-e9a7-598d-88a1-9fedbcd0996e', '2025-05-04T15:30:00.000Z', 'East Diamond', 'c7e26984-81cf-5279-825a-2fbb2a7bf585', 'afebaa02-b3a9-53d0-9500-1a010843d19d', 2, 7, DEFAULT, DEFAULT, DEFAULT, DEFAULT, DEFAULT, NULL), ('bace0b63-9acc-52a1-bfef-82e1930e11a0', '2025-05-04T15:30:00.000Z', 'Center Diamond', '58b99b7e-ffea-5bed-93b9-7ad8e653b54c', 'ef2cc563-1b78-5445-bbf9-f9f00757c428', 4, 1, DEFAULT, DEFAULT, DEFAULT, DEFAULT, DEFAULT, NULL), ('d07ee82c-0816-5837-9d95-f8f0c9298c65', '2025-05-04T17:00:00.000Z', 'East Diamond', '12481a31-ca17-578b-8a3f-d894d0c247bf', '16736f78-c8d8-55ff-90d2-0300ffc54b4f', 5, 9, DEFAULT, DEFAULT, DEFAULT, DEFAULT, DEFAULT, NULL), ('f052a6b8-7dfd-58c0-9815-3309b4830345', '2025-05-04T17:00:00.000Z', 'Center Diamond', 'e56db4f2-ea86-5ac7-9830-3b3af560368f', 'cce262e2-5cc6-51f7-aa1e-73917dadeac3', 8, 1, DEFAULT, DEFAULT, DEFAULT, DEFAULT, DEFAULT, NULL), ('64679da9-d7b8-58b9-8dce-ec2b3d2d3d06', '2025-05-04T17:00:00.000Z', 'West Diamond', '76ca7c0d-611f-50dc-9132-5987e5403a50', '2e83e1bf-c656-54a3-b72c-86a599b4befd', 6, 4, DEFAULT, DEFAULT, DEFAULT, DEFAULT, DEFAULT, NULL), ('333ec416-af14-5a34-b329-cda7726e07a8', '2025-05-04T18:30:00.000Z', 'East Diamond', '16736f78-c8d8-55ff-90d2-0300ffc54b4f', 'e56db4f2-ea86-5ac7-9830-3b3af560368f', 0, 0, DEFAULT, DEFAULT, DEFAULT, DEFAULT, DEFAULT, NULL), ('90219d66-543e-5444-8e85-57ba8d8f337e', '2025-05-04T18:30:00.000Z', 'Center Diamond', 'cce262e2-5cc6-51f7-aa1e-73917dadeac3', '76ca7c0d-611f-50dc-9132-5987e5403a50', 6, 4, DEFAULT, DEFAULT, DEFAULT, DEFAULT, DEFAULT, NULL), ('635ba426-aaf4-5ddc-bc69-05b6da3362a3', '2025-05-04T18:30:00.000Z', 'West Diamond', '2e83e1bf-c656-54a3-b72c-86a599b4befd', '12481a31-ca17-578b-8a3f-d894d0c247bf', 0, 1, DEFAULT, DEFAULT, DEFAULT, DEFAULT, DEFAULT, NULL), ('3751666e-b54f-5d83-bab5-38eeb8053e4c', '2025-05-11T14:00:00.000Z', 'East Diamond', 'c7e26984-81cf-5279-825a-2fbb2a7bf585', '2e83e1bf-c656-54a3-b72c-86a599b4befd', 6, 0, DEFAULT, DEFAULT, DEFAULT, DEFAULT, DEFAULT, NULL), ('8ac053a6-3971-5712-98da-bdd617fc659f', '2025-05-11T14:00:00.000Z', 'Center Diamond', '16736f78-c8d8-55ff-90d2-0300ffc54b4f', '12481a31-ca17-578b-8a3f-d894d0c247bf', 5, 2, DEFAULT, DEFAULT, DEFAULT, DEFAULT, DEFAULT, NULL), ('1398f9c6-e8e2-5eae-b023-236cf36f43e8', '2025-05-11T15:30:00.000Z', 'East Diamond', '2e83e1bf-c656-54a3-b72c-86a599b4befd', '16736f78-c8d8-55ff-90d2-0300ffc54b4f', 9, 1, DEFAULT, DEFAULT, DEFAULT, DEFAULT, DEFAULT, NULL), ('24dfcda5-f79c-5c61-8b99-f7e3f3a9f7fd', '2025-05-11T15:30:00.000Z', 'Center Diamond', '12481a31-ca17-578b-8a3f-d894d0c247bf', 'c7e26984-81cf-5279-825a-2fbb2a7bf585', 2, 8, DEFAULT, DEFAULT, DEFAULT, DEFAULT, DEFAULT, NULL), ('daec6bac-cd84-53eb-89d0-d3f164b37657', '2025-05-11T17:00:00.000Z', 'East Diamond', 'e56db4f2-ea86-5ac7-9830-3b3af560368f', 'afebaa02-b3a9-53d0-9500-1a010843d19d', 2, 5, DEFAULT, DEFAULT, DEFAULT, DEFAULT, DEFAULT, NULL), ('67886e5f-6558-56e7-ab01-b7888ca29eff', '2025-05-11T17:00:00.000Z', 'Center Diamond', 'cce262e2-5cc6-51f7-aa1e-73917dadeac3', 'ef2cc563-1b78-5445-bbf9-f9f00757c428', 0, 6, DEFAULT, DEFAULT, DEFAULT, DEFAULT, DEFAULT, NULL), ('877c04c8-008b-5cb5-a58b-b30ab05a7567', '2025-05-11T17:00:00.000Z', 'West Diamond', '76ca7c0d-611f-50dc-9132-5987e5403a50', '58b99b7e-ffea-5bed-93b9-7ad8e653b54c', 3, 4, DEFAULT, DEFAULT, DEFAULT, DEFAULT, DEFAULT, NULL), ('007c9874-93f4-5540-a763-f8dbcf8b0bf6', '2025-05-11T18:30:00.000Z', 'East Diamond', 'afebaa02-b3a9-53d0-9500-1a010843d19d', 'cce262e2-5cc6-51f7-aa1e-73917dadeac3', 4, 4, DEFAULT, DEFAULT, DEFAULT, DEFAULT, DEFAULT, NULL), ('41bc872f-71e1-5163-8cc3-95bf8126dc08', '2025-05-11T18:30:00.000Z', 'Center Diamond', 'ef2cc563-1b78-5445-bbf9-f9f00757c428', '76ca7c0d-611f-50dc-9132-5987e5403a50', 5, 0, DEFAULT, DEFAULT, DEFAULT, DEFAULT, DEFAULT, NULL), ('0872b5d5-acef-5df3-8e64-b9516de28fa4', '2025-05-11T18:30:00.000Z', 'West Diamond', '58b99b7e-ffea-5bed-93b9-7ad8e653b54c', 'e56db4f2-ea86-5ac7-9830-3b3af560368f', 5, 8, DEFAULT, DEFAULT, DEFAULT, DEFAULT, DEFAULT, NULL), ('69ca3f25-595e-5b85-8192-886cafcae11d', '2025-05-18T14:00:00.000Z', 'East Diamond', 'afebaa02-b3a9-53d0-9500-1a010843d19d', 'c7e26984-81cf-5279-825a-2fbb2a7bf585', 0, 3, DEFAULT, DEFAULT, DEFAULT, DEFAULT, DEFAULT, NULL), ('bc7bb87b-c419-5655-993c-b2630bb6f509', '2025-05-18T14:00:00.000Z', 'Center Diamond', 'cce262e2-5cc6-51f7-aa1e-73917dadeac3', 'ef2cc563-1b78-5445-bbf9-f9f00757c428', 0, 0, DEFAULT, DEFAULT, DEFAULT, DEFAULT, DEFAULT, NULL), ('0b3d99f0-a0f8-592a-a430-c22b3ea020f6', '2025-05-18T15:30:00.000Z', 'East Diamond', 'c7e26984-81cf-5279-825a-2fbb2a7bf585', 'cce262e2-5cc6-51f7-aa1e-73917dadeac3', 6, 4, DEFAULT, DEFAULT, DEFAULT, DEFAULT, DEFAULT, NULL), ('679e7aaa-f77a-5918-99ff-d42503894181', '2025-05-18T15:30:00.000Z', 'Center Diamond', 'ef2cc563-1b78-5445-bbf9-f9f00757c428', 'afebaa02-b3a9-53d0-9500-1a010843d19d', 0, 5, DEFAULT, DEFAULT, DEFAULT, DEFAULT, DEFAULT, NULL), ('bf440bc0-ce2d-5b5d-afd4-3fbbf6d0fcf1', '2025-05-18T17:00:00.000Z', 'East Diamond', 'e56db4f2-ea86-5ac7-9830-3b3af560368f', '58b99b7e-ffea-5bed-93b9-7ad8e653b54c', 1, 5, DEFAULT, DEFAULT, DEFAULT, DEFAULT, DEFAULT, NULL), ('72352afc-a1bc-5f00-900f-1d7c5fcc2c5b', '2025-05-18T17:00:00.000Z', 'Center Diamond', '76ca7c0d-611f-50dc-9132-5987e5403a50', '2e83e1bf-c656-54a3-b72c-86a599b4befd', 1, 7, DEFAULT, DEFAULT, DEFAULT, DEFAULT, DEFAULT, NULL), ('c17c6284-662e-58b6-8ec9-f0120c37334b', '2025-05-18T17:00:00.000Z', 'West Diamond', '12481a31-ca17-578b-8a3f-d894d0c247bf', '16736f78-c8d8-55ff-90d2-0300ffc54b4f', 1, 8, DEFAULT, DEFAULT, DEFAULT, DEFAULT, DEFAULT, NULL), ('fa8674d2-e152-5aa1-9941-80474e17e18b', '2025-05-18T18:30:00.000Z', 'East Diamond', '58b99b7e-ffea-5bed-93b9-7ad8e653b54c', '76ca7c0d-611f-50dc-9132-5987e5403a50', 2, 5, DEFAULT, DEFAULT, DEFAULT, DEFAULT, DEFAULT, NULL), ('7dded3bc-b55a-5366-950e-1fb27d2228d7', '2025-05-18T18:30:00.000Z', 'Center Diamond', '2e83e1bf-c656-54a3-b72c-86a599b4befd', '12481a31-ca17-578b-8a3f-d894d0c247bf', 3, 1, DEFAULT, DEFAULT, DEFAULT, DEFAULT, DEFAULT, NULL), ('34ef23b3-8b48-551d-ae11-c3d6e003065a', '2025-05-18T18:30:00.000Z', 'West Diamond', '16736f78-c8d8-55ff-90d2-0300ffc54b4f', 'e56db4f2-ea86-5ac7-9830-3b3af560368f', 2, 5, DEFAULT, DEFAULT, DEFAULT, DEFAULT, DEFAULT, NULL), ('4b018ab6-d390-53b5-95ec-d97a7c4e5a67', '2025-05-25T14:00:00.000Z', 'East Diamond', '16736f78-c8d8-55ff-90d2-0300ffc54b4f', 'c7e26984-81cf-5279-825a-2fbb2a7bf585', 8, 7, DEFAULT, DEFAULT, DEFAULT, DEFAULT, DEFAULT, NULL), ('f9841895-6292-5216-9f2b-9d602b05abd7', '2025-05-25T14:00:00.000Z', 'Center Diamond', 'e56db4f2-ea86-5ac7-9830-3b3af560368f', '58b99b7e-ffea-5bed-93b9-7ad8e653b54c', 4, 3, DEFAULT, DEFAULT, DEFAULT, DEFAULT, DEFAULT, NULL), ('5bf54d6b-a951-5fb8-b309-4c82a317a39d', '2025-05-25T15:30:00.000Z', 'East Diamond', 'c7e26984-81cf-5279-825a-2fbb2a7bf585', 'e56db4f2-ea86-5ac7-9830-3b3af560368f', 3, 2, DEFAULT, DEFAULT, DEFAULT, DEFAULT, DEFAULT, NULL), ('50eee2fc-119f-5c53-8cd7-e05b35c8e870', '2025-05-25T15:30:00.000Z', 'Center Diamond', '58b99b7e-ffea-5bed-93b9-7ad8e653b54c', '16736f78-c8d8-55ff-90d2-0300ffc54b4f', 5, 3, DEFAULT, DEFAULT, DEFAULT, DEFAULT, DEFAULT, NULL), ('c735a9ce-e74c-5834-9674-4e732f28caf0', '2025-05-25T17:00:00.000Z', 'East Diamond', '12481a31-ca17-578b-8a3f-d894d0c247bf', '2e83e1bf-c656-54a3-b72c-86a599b4befd', 0, 8, DEFAULT, DEFAULT, DEFAULT, DEFAULT, DEFAULT, NULL), ('ab0e9860-cc3c-5c18-909e-0fb5ce520e34', '2025-05-25T17:00:00.000Z', 'Center Diamond', 'ef2cc563-1b78-5445-bbf9-f9f00757c428', '76ca7c0d-611f-50dc-9132-5987e5403a50', 0, 7, DEFAULT, DEFAULT, DEFAULT, DEFAULT, DEFAULT, NULL), ('a250a4cb-2719-589e-b43c-86fdd37f3b56', '2025-05-25T17:00:00.000Z', 'West Diamond', 'afebaa02-b3a9-53d0-9500-1a010843d19d', 'cce262e2-5cc6-51f7-aa1e-73917dadeac3', 8, 6, DEFAULT, DEFAULT, DEFAULT, DEFAULT, DEFAULT, NULL), ('10a4f620-3e69-5914-a83c-22839c3f22ac', '2025-05-25T18:30:00.000Z', 'East Diamond', '2e83e1bf-c656-54a3-b72c-86a599b4befd', 'ef2cc563-1b78-5445-bbf9-f9f00757c428', 7, 1, DEFAULT, DEFAULT, DEFAULT, DEFAULT, DEFAULT, NULL), ('c7caf4bc-7f81-539d-a83c-d47a3d3eb520', '2025-05-25T18:30:00.000Z', 'Center Diamond', '76ca7c0d-611f-50dc-9132-5987e5403a50', 'afebaa02-b3a9-53d0-9500-1a010843d19d', 8, 3, DEFAULT, DEFAULT, DEFAULT, DEFAULT, DEFAULT, NULL), ('e1815879-9b62-5ad4-bddd-7208d5ee5d9c', '2025-05-25T18:30:00.000Z', 'West Diamond', 'cce262e2-5cc6-51f7-aa1e-73917dadeac3', '12481a31-ca17-578b-8a3f-d894d0c247bf', 1, 4, DEFAULT, DEFAULT, DEFAULT, DEFAULT, DEFAULT, NULL), ('f6e84c9a-c58b-5749-9552-7a8f7a34d010', '2025-06-01T14:00:00.000Z', 'East Diamond', '76ca7c0d-611f-50dc-9132-5987e5403a50', 'c7e26984-81cf-5279-825a-2fbb2a7bf585', 4, 1, DEFAULT, DEFAULT, DEFAULT, DEFAULT, DEFAULT, NULL), ('fa7d18a7-5dd7-53a9-adbe-fd937afeba95', '2025-06-01T14:00:00.000Z', 'Center Diamond', '58b99b7e-ffea-5bed-93b9-7ad8e653b54c', 'cce262e2-5cc6-51f7-aa1e-73917dadeac3', 7, 9, DEFAULT, DEFAULT, DEFAULT, DEFAULT, DEFAULT, NULL), ('564fb048-747c-5d58-af79-af8ddc8a07ed', '2025-06-01T15:30:00.000Z', 'East Diamond', 'c7e26984-81cf-5279-825a-2fbb2a7bf585', '58b99b7e-ffea-5bed-93b9-7ad8e653b54c', 0, 6, DEFAULT, DEFAULT, DEFAULT, DEFAULT, DEFAULT, NULL), ('91eab869-093b-5a8e-a10b-5589ae1a2897', '2025-06-01T15:30:00.000Z', 'Center Diamond', 'cce262e2-5cc6-51f7-aa1e-73917dadeac3', '76ca7c0d-611f-50dc-9132-5987e5403a50', 8, 6, DEFAULT, DEFAULT, DEFAULT, DEFAULT, DEFAULT, NULL), ('3b8a72be-454c-5cb9-91f9-e384eba1cc6e', '2025-06-01T17:00:00.000Z', 'East Diamond', '16736f78-c8d8-55ff-90d2-0300ffc54b4f', '12481a31-ca17-578b-8a3f-d894d0c247bf', 4, 2, DEFAULT, DEFAULT, DEFAULT, DEFAULT, DEFAULT, NULL), ('554a4d48-d86a-523d-addd-ef078c7779e3', '2025-06-01T17:00:00.000Z', 'Center Diamond', '2e83e1bf-c656-54a3-b72c-86a599b4befd', 'afebaa02-b3a9-53d0-9500-1a010843d19d', 2, 9, DEFAULT, DEFAULT, DEFAULT, DEFAULT, DEFAULT, NULL), ('8a011145-c26e-5cd7-b2fb-48bb85582de1', '2025-06-01T17:00:00.000Z', 'West Diamond', 'ef2cc563-1b78-5445-bbf9-f9f00757c428', 'e56db4f2-ea86-5ac7-9830-3b3af560368f', 1, 5, DEFAULT, DEFAULT, DEFAULT, DEFAULT, DEFAULT, NULL), ('3585a2ee-2dea-5627-944a-6fb38b0fe5cb', '2025-06-01T18:30:00.000Z', 'East Diamond', '12481a31-ca17-578b-8a3f-d894d0c247bf', '2e83e1bf-c656-54a3-b72c-86a599b4befd', 2, 8, DEFAULT, DEFAULT, DEFAULT, DEFAULT, DEFAULT, NULL), ('e77186eb-f02f-5735-b840-70cabd5298c7', '2025-06-01T18:30:00.000Z', 'Center Diamond', 'afebaa02-b3a9-53d0-9500-1a010843d19d', 'ef2cc563-1b78-5445-bbf9-f9f00757c428', 4, 0, DEFAULT, DEFAULT, DEFAULT, DEFAULT, DEFAULT, NULL), ('890635f4-0262-5001-9574-725eeca4b2bc', '2025-06-01T18:30:00.000Z', 'West Diamond', 'e56db4f2-ea86-5ac7-9830-3b3af560368f', '16736f78-c8d8-55ff-90d2-0300ffc54b4f', 8, 6, DEFAULT, DEFAULT, DEFAULT, DEFAULT, DEFAULT, NULL), ('fef3ad37-c023-59f5-9f91-93a2301cf752', '2025-06-08T14:00:00.000Z', 'East Diamond', 'afebaa02-b3a9-53d0-9500-1a010843d19d', '16736f78-c8d8-55ff-90d2-0300ffc54b4f', 9, 9, DEFAULT, DEFAULT, DEFAULT, DEFAULT, DEFAULT, NULL), ('e21f3d36-e6ea-5077-a8e0-f4a434374fb7', '2025-06-08T14:00:00.000Z', 'Center Diamond', 'c7e26984-81cf-5279-825a-2fbb2a7bf585', '12481a31-ca17-578b-8a3f-d894d0c247bf', 9, 4, DEFAULT, DEFAULT, DEFAULT, DEFAULT, DEFAULT, NULL), ('59995e95-5549-5800-a3a4-e69e69bf64a0', '2025-06-08T15:30:00.000Z', 'East Diamond', '16736f78-c8d8-55ff-90d2-0300ffc54b4f', 'c7e26984-81cf-5279-825a-2fbb2a7bf585', 1, 0, DEFAULT, DEFAULT, DEFAULT, DEFAULT, DEFAULT, NULL), ('dcfb1a41-99c3-5087-ae65-84627885ce61', '2025-06-08T15:30:00.000Z', 'Center Diamond', '12481a31-ca17-578b-8a3f-d894d0c247bf', 'afebaa02-b3a9-53d0-9500-1a010843d19d', 0, 9, DEFAULT, DEFAULT, DEFAULT, DEFAULT, DEFAULT, NULL), ('3409519d-4a49-5041-b781-be3885feca54', '2025-06-08T17:00:00.000Z', 'East Diamond', 'ef2cc563-1b78-5445-bbf9-f9f00757c428', '76ca7c0d-611f-50dc-9132-5987e5403a50', 8, 3, DEFAULT, DEFAULT, DEFAULT, DEFAULT, DEFAULT, NULL), ('5a6bb5a8-b885-5e14-9257-0d81ca009669', '2025-06-08T17:00:00.000Z', 'Center Diamond', '2e83e1bf-c656-54a3-b72c-86a599b4befd', 'e56db4f2-ea86-5ac7-9830-3b3af560368f', 2, 9, DEFAULT, DEFAULT, DEFAULT, DEFAULT, DEFAULT, NULL), ('43918894-c850-5c4f-a48f-430a96f04d11', '2025-06-08T17:00:00.000Z', 'West Diamond', 'cce262e2-5cc6-51f7-aa1e-73917dadeac3', '58b99b7e-ffea-5bed-93b9-7ad8e653b54c', 1, 0, DEFAULT, DEFAULT, DEFAULT, DEFAULT, DEFAULT, NULL), ('d2fc6a31-a9c0-5f38-8f09-9154dad42f1b', '2025-06-08T18:30:00.000Z', 'East Diamond', '76ca7c0d-611f-50dc-9132-5987e5403a50', '2e83e1bf-c656-54a3-b72c-86a599b4befd', 2, 3, DEFAULT, DEFAULT, DEFAULT, DEFAULT, DEFAULT, NULL), ('d89282db-f84f-5520-979c-2423b660a077', '2025-06-08T18:30:00.000Z', 'Center Diamond', 'e56db4f2-ea86-5ac7-9830-3b3af560368f', 'cce262e2-5cc6-51f7-aa1e-73917dadeac3', 0, 9, DEFAULT, DEFAULT, DEFAULT, DEFAULT, DEFAULT, NULL), ('a68e7666-dadf-529d-a905-32c893f74542', '2025-06-08T18:30:00.000Z', 'West Diamond', '58b99b7e-ffea-5bed-93b9-7ad8e653b54c', 'ef2cc563-1b78-5445-bbf9-f9f00757c428', 2, 9, DEFAULT, DEFAULT, DEFAULT, DEFAULT, DEFAULT, NULL), ('3a54723d-7195-563c-82f1-317d6e84d4d6', '2025-06-15T14:00:00.000Z', 'East Diamond', 'ef2cc563-1b78-5445-bbf9-f9f00757c428', '2e83e1bf-c656-54a3-b72c-86a599b4befd', 8, 4, DEFAULT, DEFAULT, DEFAULT, DEFAULT, DEFAULT, NULL), ('2c31eefd-e522-5a07-9f07-a7209a6a787f', '2025-06-15T14:00:00.000Z', 'Center Diamond', '76ca7c0d-611f-50dc-9132-5987e5403a50', 'e56db4f2-ea86-5ac7-9830-3b3af560368f', 5, 0, DEFAULT, DEFAULT, DEFAULT, DEFAULT, DEFAULT, NULL), ('279085f7-ef1a-52a9-b6be-7c68f2ea0d65', '2025-06-15T15:30:00.000Z', 'East Diamond', '2e83e1bf-c656-54a3-b72c-86a599b4befd', '76ca7c0d-611f-50dc-9132-5987e5403a50', 9, 6, DEFAULT, DEFAULT, DEFAULT, DEFAULT, DEFAULT, NULL), ('eeb30bf9-5bb0-5290-8ee2-06a7e5ce91fb', '2025-06-15T15:30:00.000Z', 'Center Diamond', 'e56db4f2-ea86-5ac7-9830-3b3af560368f', 'ef2cc563-1b78-5445-bbf9-f9f00757c428', 2, 0, DEFAULT, DEFAULT, DEFAULT, DEFAULT, DEFAULT, NULL), ('59d9ecb0-2116-504c-bf3f-bae8f821538e', '2025-06-15T17:00:00.000Z', 'East Diamond', '12481a31-ca17-578b-8a3f-d894d0c247bf', 'c7e26984-81cf-5279-825a-2fbb2a7bf585', 0, 6, DEFAULT, DEFAULT, DEFAULT, DEFAULT, DEFAULT, NULL), ('d39ad87e-be03-5a9f-aad0-9748b7186194', '2025-06-15T17:00:00.000Z', 'Center Diamond', 'cce262e2-5cc6-51f7-aa1e-73917dadeac3', '58b99b7e-ffea-5bed-93b9-7ad8e653b54c', 9, 9, DEFAULT, DEFAULT, DEFAULT, DEFAULT, DEFAULT, NULL), ('96a58a95-83e4-55f9-b023-56bbf2752b6e', '2025-06-15T17:00:00.000Z', 'West Diamond', 'afebaa02-b3a9-53d0-9500-1a010843d19d', '16736f78-c8d8-55ff-90d2-0300ffc54b4f', 4, 4, DEFAULT, DEFAULT, DEFAULT, DEFAULT, DEFAULT, NULL), ('950bd541-437b-5da0-9208-15d1455ab47c', '2025-06-15T18:30:00.000Z', 'East Diamond', 'c7e26984-81cf-5279-825a-2fbb2a7bf585', 'cce262e2-5cc6-51f7-aa1e-73917dadeac3', 9, 1, DEFAULT, DEFAULT, DEFAULT, DEFAULT, DEFAULT, NULL), ('00d98ab0-d79c-5f71-a0c7-0f112263ebf1', '2025-06-15T18:30:00.000Z', 'Center Diamond', '58b99b7e-ffea-5bed-93b9-7ad8e653b54c', 'afebaa02-b3a9-53d0-9500-1a010843d19d', 3, 8, DEFAULT, DEFAULT, DEFAULT, DEFAULT, DEFAULT, NULL), ('37144fd3-1686-508f-88f0-e3886af33f6d', '2025-06-15T18:30:00.000Z', 'West Diamond', '16736f78-c8d8-55ff-90d2-0300ffc54b4f', '12481a31-ca17-578b-8a3f-d894d0c247bf', 8, 9, DEFAULT, DEFAULT, DEFAULT, DEFAULT, DEFAULT, NULL), ('05b54acc-d3a9-523e-9f37-fa04c31c9bef', '2025-06-22T14:00:00.000Z', 'East Diamond', '58b99b7e-ffea-5bed-93b9-7ad8e653b54c', 'afebaa02-b3a9-53d0-9500-1a010843d19d', 3, 1, DEFAULT, DEFAULT, DEFAULT, DEFAULT, DEFAULT, NULL), ('99b2af58-abd4-5ba8-b971-56a26ee50dcb', '2025-06-22T14:00:00.000Z', 'Center Diamond', 'ef2cc563-1b78-5445-bbf9-f9f00757c428', '16736f78-c8d8-55ff-90d2-0300ffc54b4f', 2, 9, DEFAULT, DEFAULT, DEFAULT, DEFAULT, DEFAULT, NULL), ('faf397bd-430a-5b92-864f-0ab59c3b895a', '2025-06-22T15:30:00.000Z', 'East Diamond', 'afebaa02-b3a9-53d0-9500-1a010843d19d', 'ef2cc563-1b78-5445-bbf9-f9f00757c428', 1, 9, DEFAULT, DEFAULT, DEFAULT, DEFAULT, DEFAULT, NULL), ('a5ce83b6-10b1-57c0-a689-a59a6c8aae1f', '2025-06-22T15:30:00.000Z', 'Center Diamond', '16736f78-c8d8-55ff-90d2-0300ffc54b4f', '58b99b7e-ffea-5bed-93b9-7ad8e653b54c', 2, 0, DEFAULT, DEFAULT, DEFAULT, DEFAULT, DEFAULT, NULL), ('33ea610b-a1f7-56a8-9afa-4f98b0323ddc', '2025-06-22T17:00:00.000Z', 'East Diamond', 'c7e26984-81cf-5279-825a-2fbb2a7bf585', '76ca7c0d-611f-50dc-9132-5987e5403a50', 1, 7, DEFAULT, DEFAULT, DEFAULT, DEFAULT, DEFAULT, NULL), ('2556fb13-24ac-5ab1-a956-73bb6dbde10f', '2025-06-22T17:00:00.000Z', 'Center Diamond', 'cce262e2-5cc6-51f7-aa1e-73917dadeac3', '12481a31-ca17-578b-8a3f-d894d0c247bf', 7, 0, DEFAULT, DEFAULT, DEFAULT, DEFAULT, DEFAULT, NULL), ('a48b2ea2-2a1a-5f48-82f4-14f968d6bf66', '2025-06-22T17:00:00.000Z', 'West Diamond', 'e56db4f2-ea86-5ac7-9830-3b3af560368f', '2e83e1bf-c656-54a3-b72c-86a599b4befd', 5, 7, DEFAULT, DEFAULT, DEFAULT, DEFAULT, DEFAULT, NULL), ('20d632b8-c1ef-5e9a-89c3-bb06ac5cbd7f', '2025-06-22T18:30:00.000Z', 'East Diamond', '76ca7c0d-611f-50dc-9132-5987e5403a50', 'cce262e2-5cc6-51f7-aa1e-73917dadeac3', 6, 2, DEFAULT, DEFAULT, DEFAULT, DEFAULT, DEFAULT, NULL), ('9d771af2-8a4e-5b4b-b8bc-a8954603fe13', '2025-06-22T18:30:00.000Z', 'Center Diamond', '12481a31-ca17-578b-8a3f-d894d0c247bf', 'e56db4f2-ea86-5ac7-9830-3b3af560368f', 4, 1, DEFAULT, DEFAULT, DEFAULT, DEFAULT, DEFAULT, NULL), ('55db8b3b-e4f2-5021-94cc-f30d90be81a1', '2025-06-22T18:30:00.000Z', 'West Diamond', '2e83e1bf-c656-54a3-b72c-86a599b4befd', 'c7e26984-81cf-5279-825a-2fbb2a7bf585', 8, 4, DEFAULT, DEFAULT, DEFAULT, DEFAULT, DEFAULT, NULL), ('4d0e5d20-d7bb-5bfe-a0ee-7d89e1190066', '2025-06-29T14:00:00.000Z', 'East Diamond', 'ef2cc563-1b78-5445-bbf9-f9f00757c428', 'cce262e2-5cc6-51f7-aa1e-73917dadeac3', 2, 5, DEFAULT, DEFAULT, DEFAULT, DEFAULT, DEFAULT, NULL), ('9600684c-ba45-5abf-a472-a3040e3bba1d', '2025-06-29T14:00:00.000Z', 'Center Diamond', 'afebaa02-b3a9-53d0-9500-1a010843d19d', '58b99b7e-ffea-5bed-93b9-7ad8e653b54c', 9, 4, DEFAULT, DEFAULT, DEFAULT, DEFAULT, DEFAULT, NULL), ('1dc2d867-ad4e-5d98-b4c0-0b97d079f6fa', '2025-06-29T15:30:00.000Z', 'East Diamond', 'cce262e2-5cc6-51f7-aa1e-73917dadeac3', 'afebaa02-b3a9-53d0-9500-1a010843d19d', 9, 4, DEFAULT, DEFAULT, DEFAULT, DEFAULT, DEFAULT, NULL), ('8d0cfb52-7f31-51d3-8bd8-acb1fd602b2b', '2025-06-29T15:30:00.000Z', 'Center Diamond', '58b99b7e-ffea-5bed-93b9-7ad8e653b54c', 'ef2cc563-1b78-5445-bbf9-f9f00757c428', 2, 6, DEFAULT, DEFAULT, DEFAULT, DEFAULT, DEFAULT, NULL), ('974fefc8-bb1a-5803-b25c-bc492fd62567', '2025-06-29T17:00:00.000Z', 'East Diamond', 'c7e26984-81cf-5279-825a-2fbb2a7bf585', '16736f78-c8d8-55ff-90d2-0300ffc54b4f', 2, 0, DEFAULT, DEFAULT, DEFAULT, DEFAULT, DEFAULT, NULL), ('4bfabcbd-a50a-59a8-91a0-a9a5d2672ccf', '2025-06-29T17:00:00.000Z', 'Center Diamond', '12481a31-ca17-578b-8a3f-d894d0c247bf', '2e83e1bf-c656-54a3-b72c-86a599b4befd', 4, 2, DEFAULT, DEFAULT, DEFAULT, DEFAULT, DEFAULT, NULL), ('cf8ce270-cb9d-5f4b-92e7-924ef19a247d', '2025-06-29T17:00:00.000Z', 'West Diamond', '76ca7c0d-611f-50dc-9132-5987e5403a50', 'e56db4f2-ea86-5ac7-9830-3b3af560368f', 7, 0, DEFAULT, DEFAULT, DEFAULT, DEFAULT, DEFAULT, NULL), ('494720dd-45a9-5b3f-8d80-0782b530d09d', '2025-06-29T18:30:00.000Z', 'East Diamond', '16736f78-c8d8-55ff-90d2-0300ffc54b4f', '12481a31-ca17-578b-8a3f-d894d0c247bf', 1, 0, DEFAULT, DEFAULT, DEFAULT, DEFAULT, DEFAULT, NULL), ('596cd10e-e98e-57e8-a8f6-7c4e23feb697', '2025-06-29T18:30:00.000Z', 'Center Diamond', '2e83e1bf-c656-54a3-b72c-86a599b4befd', '76ca7c0d-611f-50dc-9132-5987e5403a50', 1, 2, DEFAULT, DEFAULT, DEFAULT, DEFAULT, DEFAULT, NULL), ('d71b9062-4a00-5676-a33d-3d0ddacb2ed8', '2025-06-29T18:30:00.000Z', 'West Diamond', 'e56db4f2-ea86-5ac7-9830-3b3af560368f', 'c7e26984-81cf-5279-825a-2fbb2a7bf585', 8, 9, DEFAULT, DEFAULT, DEFAULT, DEFAULT, DEFAULT, NULL), ('12a62525-996f-58c1-a97c-91a8b56320e9', '2025-07-06T14:00:00.000Z', 'East Diamond', '2e83e1bf-c656-54a3-b72c-86a599b4befd', 'e56db4f2-ea86-5ac7-9830-3b3af560368f', 6, 9, DEFAULT, DEFAULT, DEFAULT, DEFAULT, DEFAULT, NULL), ('edbab0fc-b24e-5ab2-9121-a430d3301e0c', '2025-07-06T14:00:00.000Z', 'Center Diamond', 'ef2cc563-1b78-5445-bbf9-f9f00757c428', '12481a31-ca17-578b-8a3f-d894d0c247bf', 9, 4, DEFAULT, DEFAULT, DEFAULT, DEFAULT, DEFAULT, NULL), ('6e428f8e-6bd3-5762-bc86-ce680799688b', '2025-07-06T15:30:00.000Z', 'East Diamond', 'e56db4f2-ea86-5ac7-9830-3b3af560368f', 'ef2cc563-1b78-5445-bbf9-f9f00757c428', 0, 7, DEFAULT, DEFAULT, DEFAULT, DEFAULT, DEFAULT, NULL), ('7cb79f7a-a9f2-5240-af6f-c939c5962d13', '2025-07-06T15:30:00.000Z', 'Center Diamond', '12481a31-ca17-578b-8a3f-d894d0c247bf', '2e83e1bf-c656-54a3-b72c-86a599b4befd', 5, 1, DEFAULT, DEFAULT, DEFAULT, DEFAULT, DEFAULT, NULL), ('b33a716a-c962-5051-a4ae-a81d769bc6e6', '2025-07-06T17:00:00.000Z', 'East Diamond', '58b99b7e-ffea-5bed-93b9-7ad8e653b54c', 'afebaa02-b3a9-53d0-9500-1a010843d19d', 3, 6, DEFAULT, DEFAULT, DEFAULT, DEFAULT, DEFAULT, NULL), ('6073f906-0b12-54b4-89c4-6e9b94e8b735', '2025-07-06T17:00:00.000Z', 'Center Diamond', '76ca7c0d-611f-50dc-9132-5987e5403a50', 'c7e26984-81cf-5279-825a-2fbb2a7bf585', 8, 9, DEFAULT, DEFAULT, DEFAULT, DEFAULT, DEFAULT, NULL), ('197444f2-be21-5179-8bc0-0706a3dbf574', '2025-07-06T17:00:00.000Z', 'West Diamond', '16736f78-c8d8-55ff-90d2-0300ffc54b4f', 'cce262e2-5cc6-51f7-aa1e-73917dadeac3', 5, 2, DEFAULT, DEFAULT, DEFAULT, DEFAULT, DEFAULT, NULL), ('257f6f5f-597b-5408-9fc8-ed90a349f76e', '2025-07-06T18:30:00.000Z', 'East Diamond', 'afebaa02-b3a9-53d0-9500-1a010843d19d', '76ca7c0d-611f-50dc-9132-5987e5403a50', 7, 2, DEFAULT, DEFAULT, DEFAULT, DEFAULT, DEFAULT, NULL), ('21ba5fc6-3d0b-50f5-b42b-8f0e53d96ab7', '2025-07-06T18:30:00.000Z', 'Center Diamond', 'c7e26984-81cf-5279-825a-2fbb2a7bf585', '16736f78-c8d8-55ff-90d2-0300ffc54b4f', 8, 6, DEFAULT, DEFAULT, DEFAULT, DEFAULT, DEFAULT, NULL), ('15b10146-a3f2-5d59-babc-6ef894c87ff8', '2025-07-06T18:30:00.000Z', 'West Diamond', 'cce262e2-5cc6-51f7-aa1e-73917dadeac3', '58b99b7e-ffea-5bed-93b9-7ad8e653b54c', 5, 4, DEFAULT, DEFAULT, DEFAULT, DEFAULT, DEFAULT, NULL), ('33153e0d-0f7a-5c6e-a6ac-d9bb5200b53f', '2025-07-13T14:00:00.000Z', 'East Diamond', '16736f78-c8d8-55ff-90d2-0300ffc54b4f', '12481a31-ca17-578b-8a3f-d894d0c247bf', 9, 3, DEFAULT, DEFAULT, DEFAULT, DEFAULT, DEFAULT, NULL), ('52038324-3457-5565-a109-1f90028600e6', '2025-07-13T14:00:00.000Z', 'Center Diamond', 'c7e26984-81cf-5279-825a-2fbb2a7bf585', '2e83e1bf-c656-54a3-b72c-86a599b4befd', 0, 4, DEFAULT, DEFAULT, DEFAULT, DEFAULT, DEFAULT, NULL), ('7572ea11-e503-57c8-9545-c2c3f918a611', '2025-07-13T15:30:00.000Z', 'East Diamond', '12481a31-ca17-578b-8a3f-d894d0c247bf', 'c7e26984-81cf-5279-825a-2fbb2a7bf585', 3, 4, DEFAULT, DEFAULT, DEFAULT, DEFAULT, DEFAULT, NULL), ('27a75b9d-3ad3-5f88-9f1d-dfbbf91334dd', '2025-07-13T15:30:00.000Z', 'Center Diamond', '2e83e1bf-c656-54a3-b72c-86a599b4befd', '16736f78-c8d8-55ff-90d2-0300ffc54b4f', 3, 9, DEFAULT, DEFAULT, DEFAULT, DEFAULT, DEFAULT, NULL), ('7c7d734c-9e8e-5636-9aa3-3db504aef7fd', '2025-07-13T17:00:00.000Z', 'East Diamond', '58b99b7e-ffea-5bed-93b9-7ad8e653b54c', 'e56db4f2-ea86-5ac7-9830-3b3af560368f', 7, 1, DEFAULT, DEFAULT, DEFAULT, DEFAULT, DEFAULT, NULL), ('d4ed0ca5-cd9f-57f5-88d0-69a7eba159e9', '2025-07-13T17:00:00.000Z', 'Center Diamond', '76ca7c0d-611f-50dc-9132-5987e5403a50', 'cce262e2-5cc6-51f7-aa1e-73917dadeac3', 0, 8, DEFAULT, DEFAULT, DEFAULT, DEFAULT, DEFAULT, NULL), ('c1530843-e769-5ed9-9512-fda11c50bc42', '2025-07-13T17:00:00.000Z', 'West Diamond', 'ef2cc563-1b78-5445-bbf9-f9f00757c428', 'afebaa02-b3a9-53d0-9500-1a010843d19d', 7, 0, DEFAULT, DEFAULT, DEFAULT, DEFAULT, DEFAULT, NULL), ('3d6b00a8-4731-5c1b-84c5-efee3c7e7b3a', '2025-07-13T18:30:00.000Z', 'East Diamond', 'e56db4f2-ea86-5ac7-9830-3b3af560368f', '76ca7c0d-611f-50dc-9132-5987e5403a50', 2, 0, DEFAULT, DEFAULT, DEFAULT, DEFAULT, DEFAULT, NULL), ('9cacf6ba-db2a-5885-8c2d-3aa9485d8c8d', '2025-07-13T18:30:00.000Z', 'Center Diamond', 'cce262e2-5cc6-51f7-aa1e-73917dadeac3', 'ef2cc563-1b78-5445-bbf9-f9f00757c428', 2, 8, DEFAULT, DEFAULT, DEFAULT, DEFAULT, DEFAULT, NULL), ('a8ae2a74-4732-5338-96a0-ee0ab53d0f22', '2025-07-13T18:30:00.000Z', 'West Diamond', 'afebaa02-b3a9-53d0-9500-1a010843d19d', '58b99b7e-ffea-5bed-93b9-7ad8e653b54c', 1, 6, DEFAULT, DEFAULT, DEFAULT, DEFAULT, DEFAULT, NULL), ('6207fb65-43c5-58e9-98b6-f8a08bba524f', '2025-07-20T14:00:00.000Z', 'East Diamond', '58b99b7e-ffea-5bed-93b9-7ad8e653b54c', 'cce262e2-5cc6-51f7-aa1e-73917dadeac3', 3, 8, DEFAULT, DEFAULT, DEFAULT, DEFAULT, DEFAULT, NULL), ('d668cb69-7845-5879-868e-e4362651c10c', '2025-07-20T14:00:00.000Z', 'Center Diamond', 'e56db4f2-ea86-5ac7-9830-3b3af560368f', '76ca7c0d-611f-50dc-9132-5987e5403a50', 2, 5, DEFAULT, DEFAULT, DEFAULT, DEFAULT, DEFAULT, NULL), ('4338b55a-6f84-5136-ab9f-8f26c57c2dfc', '2025-07-20T15:30:00.000Z', 'East Diamond', 'cce262e2-5cc6-51f7-aa1e-73917dadeac3', 'e56db4f2-ea86-5ac7-9830-3b3af560368f', 3, 8, DEFAULT, DEFAULT, DEFAULT, DEFAULT, DEFAULT, NULL), ('27b4c06c-94f7-5e5a-bacb-a50329da63ae', '2025-07-20T15:30:00.000Z', 'Center Diamond', '76ca7c0d-611f-50dc-9132-5987e5403a50', '58b99b7e-ffea-5bed-93b9-7ad8e653b54c', 6, 2, DEFAULT, DEFAULT, DEFAULT, DEFAULT, DEFAULT, NULL), ('967b07e0-5e12-5bb3-8f7b-9e7fdee8af98', '2025-07-20T17:00:00.000Z', 'East Diamond', '12481a31-ca17-578b-8a3f-d894d0c247bf', '2e83e1bf-c656-54a3-b72c-86a599b4befd', 4, 7, DEFAULT, DEFAULT, DEFAULT, DEFAULT, DEFAULT, NULL), ('5ce2110a-9116-566f-a66f-2cee4a166994', '2025-07-20T17:00:00.000Z', 'Center Diamond', 'afebaa02-b3a9-53d0-9500-1a010843d19d', 'c7e26984-81cf-5279-825a-2fbb2a7bf585', 0, 9, DEFAULT, DEFAULT, DEFAULT, DEFAULT, DEFAULT, NULL), ('968db817-451d-5732-b98e-8b20330bdede', '2025-07-20T17:00:00.000Z', 'West Diamond', 'ef2cc563-1b78-5445-bbf9-f9f00757c428', '16736f78-c8d8-55ff-90d2-0300ffc54b4f', 0, 7, DEFAULT, DEFAULT, DEFAULT, DEFAULT, DEFAULT, NULL), ('95f450a2-c388-53ff-b88f-ed57483397e6', '2025-07-20T18:30:00.000Z', 'East Diamond', '2e83e1bf-c656-54a3-b72c-86a599b4befd', 'afebaa02-b3a9-53d0-9500-1a010843d19d', 7, 3, DEFAULT, DEFAULT, DEFAULT, DEFAULT, DEFAULT, NULL), ('0a3b9898-b04e-5f31-bc30-0ad4aa97112b', '2025-07-20T18:30:00.000Z', 'Center Diamond', 'c7e26984-81cf-5279-825a-2fbb2a7bf585', 'ef2cc563-1b78-5445-bbf9-f9f00757c428', 5, 7, DEFAULT, DEFAULT, DEFAULT, DEFAULT, DEFAULT, NULL), ('d0e7300d-bce8-50f1-b3ec-dcef82117811', '2025-07-20T18:30:00.000Z', 'West Diamond', '16736f78-c8d8-55ff-90d2-0300ffc54b4f', '12481a31-ca17-578b-8a3f-d894d0c247bf', 2, 2, DEFAULT, DEFAULT, DEFAULT, DEFAULT, DEFAULT, NULL);
UPDATE public.games SET season_id = 'e7d00566-975e-55d7-bd65-628cca04a820' WHERE id = '624eb3d6-961e-5f8e-8692-136f61e6fb06';
UPDATE public.games SET season_id = 'e7d00566-975e-55d7-bd65-628cca04a820' WHERE id = 'df3c643e-9cef-5073-8b7c-223cba3f9029';
UPDATE public.games SET season_id = 'e7d00566-975e-55d7-bd65-628cca04a820' WHERE id = '416c4658-e9a7-598d-88a1-9fedbcd0996e';
UPDATE public.games SET season_id = 'e7d00566-975e-55d7-bd65-628cca04a820' WHERE id = 'bace0b63-9acc-52a1-bfef-82e1930e11a0';
UPDATE public.games SET season_id = 'e7d00566-975e-55d7-bd65-628cca04a820' WHERE id = 'd07ee82c-0816-5837-9d95-f8f0c9298c65';
UPDATE public.games SET season_id = 'e7d00566-975e-55d7-bd65-628cca04a820' WHERE id = 'f052a6b8-7dfd-58c0-9815-3309b4830345';
UPDATE public.games SET season_id = 'e7d00566-975e-55d7-bd65-628cca04a820' WHERE id = '64679da9-d7b8-58b9-8dce-ec2b3d2d3d06';
UPDATE public.games SET season_id = 'e7d00566-975e-55d7-bd65-628cca04a820' WHERE id = '333ec416-af14-5a34-b329-cda7726e07a8';
UPDATE public.games SET season_id = 'e7d00566-975e-55d7-bd65-628cca04a820' WHERE id = '90219d66-543e-5444-8e85-57ba8d8f337e';
UPDATE public.games SET season_id = 'e7d00566-975e-55d7-bd65-628cca04a820' WHERE id = '635ba426-aaf4-5ddc-bc69-05b6da3362a3';
UPDATE public.games SET season_id = 'e7d00566-975e-55d7-bd65-628cca04a820' WHERE id = '3751666e-b54f-5d83-bab5-38eeb8053e4c';
UPDATE public.games SET season_id = 'e7d00566-975e-55d7-bd65-628cca04a820' WHERE id = '8ac053a6-3971-5712-98da-bdd617fc659f';
UPDATE public.games SET season_id = 'e7d00566-975e-55d7-bd65-628cca04a820' WHERE id = '1398f9c6-e8e2-5eae-b023-236cf36f43e8';
UPDATE public.games SET season_id = 'e7d00566-975e-55d7-bd65-628cca04a820' WHERE id = '24dfcda5-f79c-5c61-8b99-f7e3f3a9f7fd';
UPDATE public.games SET season_id = 'e7d00566-975e-55d7-bd65-628cca04a820' WHERE id = 'daec6bac-cd84-53eb-89d0-d3f164b37657';
UPDATE public.games SET season_id = 'e7d00566-975e-55d7-bd65-628cca04a820' WHERE id = '67886e5f-6558-56e7-ab01-b7888ca29eff';
UPDATE public.games SET season_id = 'e7d00566-975e-55d7-bd65-628cca04a820' WHERE id = '877c04c8-008b-5cb5-a58b-b30ab05a7567';
UPDATE public.games SET season_id = 'e7d00566-975e-55d7-bd65-628cca04a820' WHERE id = '007c9874-93f4-5540-a763-f8dbcf8b0bf6';
UPDATE public.games SET season_id = 'e7d00566-975e-55d7-bd65-628cca04a820' WHERE id = '41bc872f-71e1-5163-8cc3-95bf8126dc08';
UPDATE public.games SET season_id = 'e7d00566-975e-55d7-bd65-628cca04a820' WHERE id = '0872b5d5-acef-5df3-8e64-b9516de28fa4';
UPDATE public.games SET season_id = 'e7d00566-975e-55d7-bd65-628cca04a820' WHERE id = '69ca3f25-595e-5b85-8192-886cafcae11d';
UPDATE public.games SET season_id = 'e7d00566-975e-55d7-bd65-628cca04a820' WHERE id = 'bc7bb87b-c419-5655-993c-b2630bb6f509';
UPDATE public.games SET season_id = 'e7d00566-975e-55d7-bd65-628cca04a820' WHERE id = '0b3d99f0-a0f8-592a-a430-c22b3ea020f6';
UPDATE public.games SET season_id = 'e7d00566-975e-55d7-bd65-628cca04a820' WHERE id = '679e7aaa-f77a-5918-99ff-d42503894181';
UPDATE public.games SET season_id = 'e7d00566-975e-55d7-bd65-628cca04a820' WHERE id = 'bf440bc0-ce2d-5b5d-afd4-3fbbf6d0fcf1';
UPDATE public.games SET season_id = 'e7d00566-975e-55d7-bd65-628cca04a820' WHERE id = '72352afc-a1bc-5f00-900f-1d7c5fcc2c5b';
UPDATE public.games SET season_id = 'e7d00566-975e-55d7-bd65-628cca04a820' WHERE id = 'c17c6284-662e-58b6-8ec9-f0120c37334b';
UPDATE public.games SET season_id = 'e7d00566-975e-55d7-bd65-628cca04a820' WHERE id = 'fa8674d2-e152-5aa1-9941-80474e17e18b';
UPDATE public.games SET season_id = 'e7d00566-975e-55d7-bd65-628cca04a820' WHERE id = '7dded3bc-b55a-5366-950e-1fb27d2228d7';
UPDATE public.games SET season_id = 'e7d00566-975e-55d7-bd65-628cca04a820' WHERE id = '34ef23b3-8b48-551d-ae11-c3d6e003065a';
UPDATE public.games SET season_id = 'e7d00566-975e-55d7-bd65-628cca04a820' WHERE id = '4b018ab6-d390-53b5-95ec-d97a7c4e5a67';
UPDATE public.games SET season_id = 'e7d00566-975e-55d7-bd65-628cca04a820' WHERE id = 'f9841895-6292-5216-9f2b-9d602b05abd7';
UPDATE public.games SET season_id = 'e7d00566-975e-55d7-bd65-628cca04a820' WHERE id = '5bf54d6b-a951-5fb8-b309-4c82a317a39d';
UPDATE public.games SET season_id = 'e7d00566-975e-55d7-bd65-628cca04a820' WHERE id = '50eee2fc-119f-5c53-8cd7-e05b35c8e870';
UPDATE public.games SET season_id = 'e7d00566-975e-55d7-bd65-628cca04a820' WHERE id = 'c735a9ce-e74c-5834-9674-4e732f28caf0';
UPDATE public.games SET season_id = 'e7d00566-975e-55d7-bd65-628cca04a820' WHERE id = 'ab0e9860-cc3c-5c18-909e-0fb5ce520e34';
UPDATE public.games SET season_id = 'e7d00566-975e-55d7-bd65-628cca04a820' WHERE id = 'a250a4cb-2719-589e-b43c-86fdd37f3b56';
UPDATE public.games SET season_id = 'e7d00566-975e-55d7-bd65-628cca04a820' WHERE id = '10a4f620-3e69-5914-a83c-22839c3f22ac';
UPDATE public.games SET season_id = 'e7d00566-975e-55d7-bd65-628cca04a820' WHERE id = 'c7caf4bc-7f81-539d-a83c-d47a3d3eb520';
UPDATE public.games SET season_id = 'e7d00566-975e-55d7-bd65-628cca04a820' WHERE id = 'e1815879-9b62-5ad4-bddd-7208d5ee5d9c';
UPDATE public.games SET season_id = 'e7d00566-975e-55d7-bd65-628cca04a820' WHERE id = 'f6e84c9a-c58b-5749-9552-7a8f7a34d010';
UPDATE public.games SET season_id = 'e7d00566-975e-55d7-bd65-628cca04a820' WHERE id = 'fa7d18a7-5dd7-53a9-adbe-fd937afeba95';
UPDATE public.games SET season_id = 'e7d00566-975e-55d7-bd65-628cca04a820' WHERE id = '564fb048-747c-5d58-af79-af8ddc8a07ed';
UPDATE public.games SET season_id = 'e7d00566-975e-55d7-bd65-628cca04a820' WHERE id = '91eab869-093b-5a8e-a10b-5589ae1a2897';
UPDATE public.games SET season_id = 'e7d00566-975e-55d7-bd65-628cca04a820' WHERE id = '3b8a72be-454c-5cb9-91f9-e384eba1cc6e';
UPDATE public.games SET season_id = 'e7d00566-975e-55d7-bd65-628cca04a820' WHERE id = '554a4d48-d86a-523d-addd-ef078c7779e3';
UPDATE public.games SET season_id = 'e7d00566-975e-55d7-bd65-628cca04a820' WHERE id = '8a011145-c26e-5cd7-b2fb-48bb85582de1';
UPDATE public.games SET season_id = 'e7d00566-975e-55d7-bd65-628cca04a820' WHERE id = '3585a2ee-2dea-5627-944a-6fb38b0fe5cb';
UPDATE public.games SET season_id = 'e7d00566-975e-55d7-bd65-628cca04a820' WHERE id = 'e77186eb-f02f-5735-b840-70cabd5298c7';
UPDATE public.games SET season_id = 'e7d00566-975e-55d7-bd65-628cca04a820' WHERE id = '890635f4-0262-5001-9574-725eeca4b2bc';
UPDATE public.games SET season_id = 'e7d00566-975e-55d7-bd65-628cca04a820' WHERE id = 'fef3ad37-c023-59f5-9f91-93a2301cf752';
UPDATE public.games SET season_id = 'e7d00566-975e-55d7-bd65-628cca04a820' WHERE id = 'e21f3d36-e6ea-5077-a8e0-f4a434374fb7';
UPDATE public.games SET season_id = 'e7d00566-975e-55d7-bd65-628cca04a820' WHERE id = '59995e95-5549-5800-a3a4-e69e69bf64a0';
UPDATE public.games SET season_id = 'e7d00566-975e-55d7-bd65-628cca04a820' WHERE id = 'dcfb1a41-99c3-5087-ae65-84627885ce61';
UPDATE public.games SET season_id = 'e7d00566-975e-55d7-bd65-628cca04a820' WHERE id = '3409519d-4a49-5041-b781-be3885feca54';
UPDATE public.games SET season_id = 'e7d00566-975e-55d7-bd65-628cca04a820' WHERE id = '5a6bb5a8-b885-5e14-9257-0d81ca009669';
UPDATE public.games SET season_id = 'e7d00566-975e-55d7-bd65-628cca04a820' WHERE id = '43918894-c850-5c4f-a48f-430a96f04d11';
UPDATE public.games SET season_id = 'e7d00566-975e-55d7-bd65-628cca04a820' WHERE id = 'd2fc6a31-a9c0-5f38-8f09-9154dad42f1b';
UPDATE public.games SET season_id = 'e7d00566-975e-55d7-bd65-628cca04a820' WHERE id = 'd89282db-f84f-5520-979c-2423b660a077';
UPDATE public.games SET season_id = 'e7d00566-975e-55d7-bd65-628cca04a820' WHERE id = 'a68e7666-dadf-529d-a905-32c893f74542';
UPDATE public.games SET season_id = 'e7d00566-975e-55d7-bd65-628cca04a820' WHERE id = '3a54723d-7195-563c-82f1-317d6e84d4d6';
UPDATE public.games SET season_id = 'e7d00566-975e-55d7-bd65-628cca04a820' WHERE id = '2c31eefd-e522-5a07-9f07-a7209a6a787f';
UPDATE public.games SET season_id = 'e7d00566-975e-55d7-bd65-628cca04a820' WHERE id = '279085f7-ef1a-52a9-b6be-7c68f2ea0d65';
UPDATE public.games SET season_id = 'e7d00566-975e-55d7-bd65-628cca04a820' WHERE id = 'eeb30bf9-5bb0-5290-8ee2-06a7e5ce91fb';
UPDATE public.games SET season_id = 'e7d00566-975e-55d7-bd65-628cca04a820' WHERE id = '59d9ecb0-2116-504c-bf3f-bae8f821538e';
UPDATE public.games SET season_id = 'e7d00566-975e-55d7-bd65-628cca04a820' WHERE id = 'd39ad87e-be03-5a9f-aad0-9748b7186194';
UPDATE public.games SET season_id = 'e7d00566-975e-55d7-bd65-628cca04a820' WHERE id = '96a58a95-83e4-55f9-b023-56bbf2752b6e';
UPDATE public.games SET season_id = 'e7d00566-975e-55d7-bd65-628cca04a820' WHERE id = '950bd541-437b-5da0-9208-15d1455ab47c';
UPDATE public.games SET season_id = 'e7d00566-975e-55d7-bd65-628cca04a820' WHERE id = '00d98ab0-d79c-5f71-a0c7-0f112263ebf1';
UPDATE public.games SET season_id = 'e7d00566-975e-55d7-bd65-628cca04a820' WHERE id = '37144fd3-1686-508f-88f0-e3886af33f6d';
UPDATE public.games SET season_id = 'e7d00566-975e-55d7-bd65-628cca04a820' WHERE id = '05b54acc-d3a9-523e-9f37-fa04c31c9bef';
UPDATE public.games SET season_id = 'e7d00566-975e-55d7-bd65-628cca04a820' WHERE id = '99b2af58-abd4-5ba8-b971-56a26ee50dcb';
UPDATE public.games SET season_id = 'e7d00566-975e-55d7-bd65-628cca04a820' WHERE id = 'faf397bd-430a-5b92-864f-0ab59c3b895a';
UPDATE public.games SET season_id = 'e7d00566-975e-55d7-bd65-628cca04a820' WHERE id = 'a5ce83b6-10b1-57c0-a689-a59a6c8aae1f';
UPDATE public.games SET season_id = 'e7d00566-975e-55d7-bd65-628cca04a820' WHERE id = '33ea610b-a1f7-56a8-9afa-4f98b0323ddc';
UPDATE public.games SET season_id = 'e7d00566-975e-55d7-bd65-628cca04a820' WHERE id = '2556fb13-24ac-5ab1-a956-73bb6dbde10f';
UPDATE public.games SET season_id = 'e7d00566-975e-55d7-bd65-628cca04a820' WHERE id = 'a48b2ea2-2a1a-5f48-82f4-14f968d6bf66';
UPDATE public.games SET season_id = 'e7d00566-975e-55d7-bd65-628cca04a820' WHERE id = '20d632b8-c1ef-5e9a-89c3-bb06ac5cbd7f';
UPDATE public.games SET season_id = 'e7d00566-975e-55d7-bd65-628cca04a820' WHERE id = '9d771af2-8a4e-5b4b-b8bc-a8954603fe13';
UPDATE public.games SET season_id = 'e7d00566-975e-55d7-bd65-628cca04a820' WHERE id = '55db8b3b-e4f2-5021-94cc-f30d90be81a1';
UPDATE public.games SET season_id = 'e7d00566-975e-55d7-bd65-628cca04a820' WHERE id = '4d0e5d20-d7bb-5bfe-a0ee-7d89e1190066';
UPDATE public.games SET season_id = 'e7d00566-975e-55d7-bd65-628cca04a820' WHERE id = '9600684c-ba45-5abf-a472-a3040e3bba1d';
UPDATE public.games SET season_id = 'e7d00566-975e-55d7-bd65-628cca04a820' WHERE id = '1dc2d867-ad4e-5d98-b4c0-0b97d079f6fa';
UPDATE public.games SET season_id = 'e7d00566-975e-55d7-bd65-628cca04a820' WHERE id = '8d0cfb52-7f31-51d3-8bd8-acb1fd602b2b';
UPDATE public.games SET season_id = 'e7d00566-975e-55d7-bd65-628cca04a820' WHERE id = '974fefc8-bb1a-5803-b25c-bc492fd62567';
UPDATE public.games SET season_id = 'e7d00566-975e-55d7-bd65-628cca04a820' WHERE id = '4bfabcbd-a50a-59a8-91a0-a9a5d2672ccf';
UPDATE public.games SET season_id = 'e7d00566-975e-55d7-bd65-628cca04a820' WHERE id = 'cf8ce270-cb9d-5f4b-92e7-924ef19a247d';
UPDATE public.games SET season_id = 'e7d00566-975e-55d7-bd65-628cca04a820' WHERE id = '494720dd-45a9-5b3f-8d80-0782b530d09d';
UPDATE public.games SET season_id = 'e7d00566-975e-55d7-bd65-628cca04a820' WHERE id = '596cd10e-e98e-57e8-a8f6-7c4e23feb697';
UPDATE public.games SET season_id = 'e7d00566-975e-55d7-bd65-628cca04a820' WHERE id = 'd71b9062-4a00-5676-a33d-3d0ddacb2ed8';
UPDATE public.games SET season_id = 'e7d00566-975e-55d7-bd65-628cca04a820' WHERE id = '12a62525-996f-58c1-a97c-91a8b56320e9';
UPDATE public.games SET season_id = 'e7d00566-975e-55d7-bd65-628cca04a820' WHERE id = 'edbab0fc-b24e-5ab2-9121-a430d3301e0c';
UPDATE public.games SET season_id = 'e7d00566-975e-55d7-bd65-628cca04a820' WHERE id = '6e428f8e-6bd3-5762-bc86-ce680799688b';
UPDATE public.games SET season_id = 'e7d00566-975e-55d7-bd65-628cca04a820' WHERE id = '7cb79f7a-a9f2-5240-af6f-c939c5962d13';
UPDATE public.games SET season_id = 'e7d00566-975e-55d7-bd65-628cca04a820' WHERE id = 'b33a716a-c962-5051-a4ae-a81d769bc6e6';
UPDATE public.games SET season_id = 'e7d00566-975e-55d7-bd65-628cca04a820' WHERE id = '6073f906-0b12-54b4-89c4-6e9b94e8b735';
UPDATE public.games SET season_id = 'e7d00566-975e-55d7-bd65-628cca04a820' WHERE id = '197444f2-be21-5179-8bc0-0706a3dbf574';
UPDATE public.games SET season_id = 'e7d00566-975e-55d7-bd65-628cca04a820' WHERE id = '257f6f5f-597b-5408-9fc8-ed90a349f76e';
UPDATE public.games SET season_id = 'e7d00566-975e-55d7-bd65-628cca04a820' WHERE id = '21ba5fc6-3d0b-50f5-b42b-8f0e53d96ab7';
UPDATE public.games SET season_id = 'e7d00566-975e-55d7-bd65-628cca04a820' WHERE id = '15b10146-a3f2-5d59-babc-6ef894c87ff8';
UPDATE public.games SET season_id = 'e7d00566-975e-55d7-bd65-628cca04a820' WHERE id = '33153e0d-0f7a-5c6e-a6ac-d9bb5200b53f';
UPDATE public.games SET season_id = 'e7d00566-975e-55d7-bd65-628cca04a820' WHERE id = '52038324-3457-5565-a109-1f90028600e6';
UPDATE public.games SET season_id = 'e7d00566-975e-55d7-bd65-628cca04a820' WHERE id = '7572ea11-e503-57c8-9545-c2c3f918a611';
UPDATE public.games SET season_id = 'e7d00566-975e-55d7-bd65-628cca04a820' WHERE id = '27a75b9d-3ad3-5f88-9f1d-dfbbf91334dd';
UPDATE public.games SET season_id = 'e7d00566-975e-55d7-bd65-628cca04a820' WHERE id = '7c7d734c-9e8e-5636-9aa3-3db504aef7fd';
UPDATE public.games SET season_id = 'e7d00566-975e-55d7-bd65-628cca04a820' WHERE id = 'd4ed0ca5-cd9f-57f5-88d0-69a7eba159e9';
UPDATE public.games SET season_id = 'e7d00566-975e-55d7-bd65-628cca04a820' WHERE id = 'c1530843-e769-5ed9-9512-fda11c50bc42';
UPDATE public.games SET season_id = 'e7d00566-975e-55d7-bd65-628cca04a820' WHERE id = '3d6b00a8-4731-5c1b-84c5-efee3c7e7b3a';
UPDATE public.games SET season_id = 'e7d00566-975e-55d7-bd65-628cca04a820' WHERE id = '9cacf6ba-db2a-5885-8c2d-3aa9485d8c8d';
UPDATE public.games SET season_id = 'e7d00566-975e-55d7-bd65-628cca04a820' WHERE id = 'a8ae2a74-4732-5338-96a0-ee0ab53d0f22';
UPDATE public.games SET season_id = 'e7d00566-975e-55d7-bd65-628cca04a820' WHERE id = '6207fb65-43c5-58e9-98b6-f8a08bba524f';
UPDATE public.games SET season_id = 'e7d00566-975e-55d7-bd65-628cca04a820' WHERE id = 'd668cb69-7845-5879-868e-e4362651c10c';
UPDATE public.games SET season_id = 'e7d00566-975e-55d7-bd65-628cca04a820' WHERE id = '4338b55a-6f84-5136-ab9f-8f26c57c2dfc';
UPDATE public.games SET season_id = 'e7d00566-975e-55d7-bd65-628cca04a820' WHERE id = '27b4c06c-94f7-5e5a-bacb-a50329da63ae';
UPDATE public.games SET season_id = 'e7d00566-975e-55d7-bd65-628cca04a820' WHERE id = '967b07e0-5e12-5bb3-8f7b-9e7fdee8af98';
UPDATE public.games SET season_id = 'e7d00566-975e-55d7-bd65-628cca04a820' WHERE id = '5ce2110a-9116-566f-a66f-2cee4a166994';
UPDATE public.games SET season_id = 'e7d00566-975e-55d7-bd65-628cca04a820' WHERE id = '968db817-451d-5732-b98e-8b20330bdede';
UPDATE public.games SET season_id = 'e7d00566-975e-55d7-bd65-628cca04a820' WHERE id = '95f450a2-c388-53ff-b88f-ed57483397e6';
UPDATE public.games SET season_id = 'e7d00566-975e-55d7-bd65-628cca04a820' WHERE id = '0a3b9898-b04e-5f31-bc30-0ad4aa97112b';
UPDATE public.games SET season_id = 'e7d00566-975e-55d7-bd65-628cca04a820' WHERE id = 'd0e7300d-bce8-50f1-b3ec-dcef82117811';
